"Pathway1","Pathway2","Corr"
"BIOCARTA_GRANULOCYTES_PATHWAY","BIOCARTA_NEUTROPHIL_PATHWAY",0.881684713215794
"BIOCARTA_GRANULOCYTES_PATHWAY","BIOCARTA_LYM_PATHWAY",0.869205787777654
"BIOCARTA_GRANULOCYTES_PATHWAY","BIOCARTA_MONOCYTE_PATHWAY",0.84042201645307
"BIOCARTA_GRANULOCYTES_PATHWAY","BIOCARTA_LAIR_PATHWAY",0.807194998214643
"BIOCARTA_GRANULOCYTES_PATHWAY","BIOCARTA_LYMPHOCYTE_PATHWAY",0.783774904815827
"BIOCARTA_LYM_PATHWAY","BIOCARTA_LYMPHOCYTE_PATHWAY",0.874160226486806
"BIOCARTA_LYM_PATHWAY","BIOCARTA_MONOCYTE_PATHWAY",0.870885916058256
"BIOCARTA_LYM_PATHWAY","BIOCARTA_GRANULOCYTES_PATHWAY",0.869205787777654
"BIOCARTA_LYM_PATHWAY","BIOCARTA_LAIR_PATHWAY",0.849684814262636
"BIOCARTA_LYM_PATHWAY","BIOCARTA_NEUTROPHIL_PATHWAY",0.823172559097419
"BIOCARTA_BLYMPHOCYTE_PATHWAY","BIOCARTA_BBCELL_PATHWAY",0.849040333573552
"BIOCARTA_BLYMPHOCYTE_PATHWAY","BIOCARTA_ASBCELL_PATHWAY",0.843323873277464
"BIOCARTA_BLYMPHOCYTE_PATHWAY","BIOCARTA_TH1TH2_PATHWAY",0.813734377748228
"BIOCARTA_BLYMPHOCYTE_PATHWAY","BIOCARTA_GRANULOCYTES_PATHWAY",0.777147498098516
"BIOCARTA_BLYMPHOCYTE_PATHWAY","BIOCARTA_NEUTROPHIL_PATHWAY",0.771578857271097
"BIOCARTA_CARM_ER_PATHWAY","BIOCARTA_VDR_PATHWAY",0.770219709347816
"BIOCARTA_CARM_ER_PATHWAY","BIOCARTA_HSWI_SNF_PATHWAY",0.703349892473704
"BIOCARTA_CARM_ER_PATHWAY","BIOCARTA_PRC2_PATHWAY",0.660723391326301
"BIOCARTA_CARM_ER_PATHWAY","BIOCARTA_PITX2_PATHWAY",0.643621843732179
"BIOCARTA_CARM_ER_PATHWAY","BIOCARTA_RANBP2_PATHWAY",0.601428377333114
"BIOCARTA_LAIR_PATHWAY","BIOCARTA_LYM_PATHWAY",0.849684814262636
"BIOCARTA_LAIR_PATHWAY","BIOCARTA_GRANULOCYTES_PATHWAY",0.807194998214643
"BIOCARTA_LAIR_PATHWAY","BIOCARTA_MONOCYTE_PATHWAY",0.803802213324238
"BIOCARTA_LAIR_PATHWAY","BIOCARTA_LYMPHOCYTE_PATHWAY",0.796376672617719
"BIOCARTA_LAIR_PATHWAY","BIOCARTA_INFLAM_PATHWAY",0.756971491828996
"BIOCARTA_VDR_PATHWAY","BIOCARTA_HSWI_SNF_PATHWAY",0.84595222209751
"BIOCARTA_VDR_PATHWAY","BIOCARTA_CARM_ER_PATHWAY",0.770219709347816
"BIOCARTA_VDR_PATHWAY","BIOCARTA_PRC2_PATHWAY",0.735738490066194
"BIOCARTA_VDR_PATHWAY","BIOCARTA_SET_PATHWAY",0.683763619682293
"BIOCARTA_VDR_PATHWAY","BIOCARTA_PITX2_PATHWAY",0.677620736071741
"BIOCARTA_MTA3_PATHWAY","BIOCARTA_NPP1_PATHWAY",0.44466479484838
"BIOCARTA_MTA3_PATHWAY","BIOCARTA_VITCB_PATHWAY",0.407680693000949
"BIOCARTA_MTA3_PATHWAY","BIOCARTA_ACE2_PATHWAY",0.397354156045458
"BIOCARTA_MTA3_PATHWAY","BIOCARTA_AMI_PATHWAY",0.393416643739282
"BIOCARTA_MTA3_PATHWAY","BIOCARTA_INTRINSIC_PATHWAY",0.388128720635229
"BIOCARTA_GABA_PATHWAY","BIOCARTA_PARKIN_PATHWAY",0.391905339337123
"BIOCARTA_GABA_PATHWAY","BIOCARTA_TUBBY_PATHWAY",0.381004088761446
"BIOCARTA_GABA_PATHWAY","BIOCARTA_FLUMAZENIL_PATHWAY",0.362111151177448
"BIOCARTA_GABA_PATHWAY","BIOCARTA_BOTULIN_PATHWAY",0.32049168855418
"BIOCARTA_GABA_PATHWAY","BIOCARTA_LIS1_PATHWAY",0.312176990828327
"BIOCARTA_EGFR_SMRTE_PATHWAY","BIOCARTA_EEA1_PATHWAY",0.492088135188044
"BIOCARTA_EGFR_SMRTE_PATHWAY","BIOCARTA_PTEN_PATHWAY",0.437633356132415
"BIOCARTA_EGFR_SMRTE_PATHWAY","BIOCARTA_AGR_PATHWAY",0.425015406105626
"BIOCARTA_EGFR_SMRTE_PATHWAY","BIOCARTA_HER2_PATHWAY",0.420467420012962
"BIOCARTA_EGFR_SMRTE_PATHWAY","BIOCARTA_ERBB3_PATHWAY",0.412419203009197
"BIOCARTA_MONOCYTE_PATHWAY","BIOCARTA_LYMPHOCYTE_PATHWAY",0.968917835848704
"BIOCARTA_MONOCYTE_PATHWAY","BIOCARTA_NEUTROPHIL_PATHWAY",0.94521885127753
"BIOCARTA_MONOCYTE_PATHWAY","BIOCARTA_LYM_PATHWAY",0.870885916058256
"BIOCARTA_MONOCYTE_PATHWAY","BIOCARTA_GRANULOCYTES_PATHWAY",0.84042201645307
"BIOCARTA_MONOCYTE_PATHWAY","BIOCARTA_LAIR_PATHWAY",0.803802213324238
"BIOCARTA_RARRXR_PATHWAY","BIOCARTA_CARM1_PATHWAY",0.674145077212827
"BIOCARTA_RARRXR_PATHWAY","BIOCARTA_ERK5_PATHWAY",0.552279206009488
"BIOCARTA_RARRXR_PATHWAY","BIOCARTA_HSWI_SNF_PATHWAY",0.548162070916158
"BIOCARTA_RARRXR_PATHWAY","BIOCARTA_CREB_PATHWAY",0.543063486319945
"BIOCARTA_RARRXR_PATHWAY","BIOCARTA_VDR_PATHWAY",0.53047525769092
"BIOCARTA_NUCLEARRS_PATHWAY","BIOCARTA_FXR_PATHWAY",0.721635459087839
"BIOCARTA_NUCLEARRS_PATHWAY","BIOCARTA_MRP_PATHWAY",0.624060437702467
"BIOCARTA_NUCLEARRS_PATHWAY","BIOCARTA_PEPI_PATHWAY",0.623776296161184
"BIOCARTA_NUCLEARRS_PATHWAY","BIOCARTA_EXTRINSIC_PATHWAY",0.611989360828777
"BIOCARTA_NUCLEARRS_PATHWAY","BIOCARTA_CB1R_PATHWAY",0.578178857532433
"BIOCARTA_RANMS_PATHWAY","BIOCARTA_RAN_PATHWAY",0.844964496821431
"BIOCARTA_RANMS_PATHWAY","BIOCARTA_NPC_PATHWAY",0.834537143523712
"BIOCARTA_RANMS_PATHWAY","BIOCARTA_MCM_PATHWAY",0.734024658757769
"BIOCARTA_RANMS_PATHWAY","BIOCARTA_G2_PATHWAY",0.673908478953011
"BIOCARTA_RANMS_PATHWAY","BIOCARTA_SM_PATHWAY",0.672385369946027
"BIOCARTA_TEL_PATHWAY","BIOCARTA_RB_PATHWAY",0.526894896533025
"BIOCARTA_TEL_PATHWAY","BIOCARTA_VDR_PATHWAY",0.521391846712508
"BIOCARTA_TEL_PATHWAY","BIOCARTA_HSWI_SNF_PATHWAY",0.50337470444545
"BIOCARTA_TEL_PATHWAY","BIOCARTA_IGF1MTOR_PATHWAY",0.494673896054705
"BIOCARTA_TEL_PATHWAY","BIOCARTA_TERC_PATHWAY",0.49234087950334
"BIOCARTA_SARS_PATHWAY","BIOCARTA_SM_PATHWAY",0.568904043998696
"BIOCARTA_SARS_PATHWAY","BIOCARTA_SET_PATHWAY",0.497746236963356
"BIOCARTA_SARS_PATHWAY","BIOCARTA_RAN_PATHWAY",0.443379230360136
"BIOCARTA_SARS_PATHWAY","BIOCARTA_AHSP_PATHWAY",0.441509842081008
"BIOCARTA_SARS_PATHWAY","BIOCARTA_MCM_PATHWAY",0.418100326712128
"BIOCARTA_PDZS_PATHWAY","BIOCARTA_BOTULIN_PATHWAY",0.45300899678471
"BIOCARTA_PDZS_PATHWAY","BIOCARTA_FOSB_PATHWAY",0.4022075006677
"BIOCARTA_PDZS_PATHWAY","BIOCARTA_CK1_PATHWAY",0.381271607697756
"BIOCARTA_PDZS_PATHWAY","BIOCARTA_BARRESTIN_PATHWAY",0.380452764209615
"BIOCARTA_PDZS_PATHWAY","BIOCARTA_SALMONELLA_PATHWAY",0.371550174852821
"BIOCARTA_RACC_PATHWAY","BIOCARTA_TUBBY_PATHWAY",0.43354300612007
"BIOCARTA_RACC_PATHWAY","BIOCARTA_GHRELIN_PATHWAY",0.404626996008342
"BIOCARTA_RACC_PATHWAY","BIOCARTA_NO1_PATHWAY",0.376957578107264
"BIOCARTA_RACC_PATHWAY","BIOCARTA_INTRINSIC_PATHWAY",0.369256620526858
"BIOCARTA_RACC_PATHWAY","BIOCARTA_PDZS_PATHWAY",0.358874639730362
"BIOCARTA_EICOSANOID_PATHWAY","BIOCARTA_ACETAMINOPHEN_PATHWAY",0.549401645849409
"BIOCARTA_EICOSANOID_PATHWAY","BIOCARTA_NUCLEARRS_PATHWAY",0.532041583063817
"BIOCARTA_EICOSANOID_PATHWAY","BIOCARTA_VOBESITY_PATHWAY",0.514571712651786
"BIOCARTA_EICOSANOID_PATHWAY","BIOCARTA_PEPI_PATHWAY",0.513273783439077
"BIOCARTA_EICOSANOID_PATHWAY","BIOCARTA_IL17_PATHWAY",0.512762698925991
"BIOCARTA_CHREBP_PATHWAY","BIOCARTA_LEPTIN_PATHWAY",0.53252849948973
"BIOCARTA_CHREBP_PATHWAY","BIOCARTA_CK1_PATHWAY",0.527652645214524
"BIOCARTA_CHREBP_PATHWAY","BIOCARTA_DREAM_PATHWAY",0.478841183751781
"BIOCARTA_CHREBP_PATHWAY","BIOCARTA_CFTR_PATHWAY",0.472717469039007
"BIOCARTA_CHREBP_PATHWAY","BIOCARTA_PLCE_PATHWAY",0.420856990409607
"BIOCARTA_LIS1_PATHWAY","BIOCARTA_REELIN_PATHWAY",0.479774587526206
"BIOCARTA_LIS1_PATHWAY","BIOCARTA_BOTULIN_PATHWAY",0.418310855946834
"BIOCARTA_LIS1_PATHWAY","BIOCARTA_CK1_PATHWAY",0.390488558488038
"BIOCARTA_LIS1_PATHWAY","BIOCARTA_CDK5_PATHWAY",0.384899127442939
"BIOCARTA_LIS1_PATHWAY","BIOCARTA_CACAM_PATHWAY",0.362216614062607
"BIOCARTA_HSWI_SNF_PATHWAY","BIOCARTA_VDR_PATHWAY",0.84595222209751
"BIOCARTA_HSWI_SNF_PATHWAY","BIOCARTA_CARM_ER_PATHWAY",0.703349892473704
"BIOCARTA_HSWI_SNF_PATHWAY","BIOCARTA_PRC2_PATHWAY",0.683014587909567
"BIOCARTA_HSWI_SNF_PATHWAY","BIOCARTA_ERK5_PATHWAY",0.625019054926858
"BIOCARTA_HSWI_SNF_PATHWAY","BIOCARTA_DICER_PATHWAY",0.617676072978009
"BIOCARTA_PCAF_PATHWAY","BIOCARTA_HIVNEF_PATHWAY",0.651632522358972
"BIOCARTA_PCAF_PATHWAY","BIOCARTA_TNFR2_PATHWAY",0.619820422531547
"BIOCARTA_PCAF_PATHWAY","BIOCARTA_RELA_PATHWAY",0.615607872550122
"BIOCARTA_PCAF_PATHWAY","BIOCARTA_DEATH_PATHWAY",0.611244575389598
"BIOCARTA_PCAF_PATHWAY","BIOCARTA_NFKB_PATHWAY",0.601928107422754
"BIOCARTA_LYMPHOCYTE_PATHWAY","BIOCARTA_MONOCYTE_PATHWAY",0.968917835848704
"BIOCARTA_LYMPHOCYTE_PATHWAY","BIOCARTA_NEUTROPHIL_PATHWAY",0.896170344948648
"BIOCARTA_LYMPHOCYTE_PATHWAY","BIOCARTA_LYM_PATHWAY",0.874160226486806
"BIOCARTA_LYMPHOCYTE_PATHWAY","BIOCARTA_LAIR_PATHWAY",0.796376672617719
"BIOCARTA_LYMPHOCYTE_PATHWAY","BIOCARTA_GRANULOCYTES_PATHWAY",0.783774904815827
"BIOCARTA_AMAN_PATHWAY","BIOCARTA_BARR_MAPK_PATHWAY",0.440449494931844
"BIOCARTA_AMAN_PATHWAY","BIOCARTA_BARRESTIN_PATHWAY",0.436143639665829
"BIOCARTA_AMAN_PATHWAY","BIOCARTA_BARRESTIN_SRC_PATHWAY",0.396025349828816
"BIOCARTA_AMAN_PATHWAY","BIOCARTA_NO2IL12_PATHWAY",0.392929082756958
"BIOCARTA_AMAN_PATHWAY","BIOCARTA_CSK_PATHWAY",0.317364681717187
"BIOCARTA_NEUTROPHIL_PATHWAY","BIOCARTA_MONOCYTE_PATHWAY",0.94521885127753
"BIOCARTA_NEUTROPHIL_PATHWAY","BIOCARTA_LYMPHOCYTE_PATHWAY",0.896170344948648
"BIOCARTA_NEUTROPHIL_PATHWAY","BIOCARTA_GRANULOCYTES_PATHWAY",0.881684713215794
"BIOCARTA_NEUTROPHIL_PATHWAY","BIOCARTA_LYM_PATHWAY",0.823172559097419
"BIOCARTA_NEUTROPHIL_PATHWAY","BIOCARTA_BLYMPHOCYTE_PATHWAY",0.771578857271097
"BIOCARTA_EFP_PATHWAY","BIOCARTA_PTC1_PATHWAY",0.544996221478908
"BIOCARTA_EFP_PATHWAY","BIOCARTA_RANMS_PATHWAY",0.503687024671701
"BIOCARTA_EFP_PATHWAY","BIOCARTA_CELLCYCLE_PATHWAY",0.467642854242095
"BIOCARTA_EFP_PATHWAY","BIOCARTA_RB_PATHWAY",0.453328612230962
"BIOCARTA_EFP_PATHWAY","BIOCARTA_NPC_PATHWAY",0.419631803634885
"BIOCARTA_CREM_PATHWAY","BIOCARTA_SKP2E2F_PATHWAY",0.360219834772764
"BIOCARTA_CREM_PATHWAY","BIOCARTA_REELIN_PATHWAY",0.347462270311465
"BIOCARTA_CREM_PATHWAY","BIOCARTA_MPR_PATHWAY",0.345191488381102
"BIOCARTA_CREM_PATHWAY","BIOCARTA_P27_PATHWAY",0.345118028775788
"BIOCARTA_CREM_PATHWAY","BIOCARTA_FBW7_PATHWAY",0.325131121735405
"BIOCARTA_ERAD_PATHWAY","BIOCARTA_MTOR_PATHWAY",0.380662193852419
"BIOCARTA_ERAD_PATHWAY","BIOCARTA_IGF1R_PATHWAY",0.374523114032054
"BIOCARTA_ERAD_PATHWAY","BIOCARTA_VEGF_PATHWAY",0.370288665950809
"BIOCARTA_ERAD_PATHWAY","BIOCARTA_IGF1MTOR_PATHWAY",0.343824589131567
"BIOCARTA_ERAD_PATHWAY","BIOCARTA_NFAT_PATHWAY",0.34100879149198
"BIOCARTA_BTG2_PATHWAY","BIOCARTA_P53_PATHWAY",0.484280483163372
"BIOCARTA_BTG2_PATHWAY","BIOCARTA_ARF_PATHWAY",0.315862216916582
"BIOCARTA_BTG2_PATHWAY","BIOCARTA_RB_PATHWAY",0.292232625322752
"BIOCARTA_BTG2_PATHWAY","BIOCARTA_G1_PATHWAY",0.285142954100825
"BIOCARTA_BTG2_PATHWAY","BIOCARTA_CELLCYCLE_PATHWAY",0.270483307020414
"BIOCARTA_TERT_PATHWAY","BIOCARTA_TERC_PATHWAY",0.566358908002486
"BIOCARTA_TERT_PATHWAY","BIOCARTA_PRC2_PATHWAY",0.510223772141341
"BIOCARTA_TERT_PATHWAY","BIOCARTA_SET_PATHWAY",0.509607341100109
"BIOCARTA_TERT_PATHWAY","BIOCARTA_VDR_PATHWAY",0.509281435352852
"BIOCARTA_TERT_PATHWAY","BIOCARTA_ARF_PATHWAY",0.49068538928148
"BIOCARTA_GHRELIN_PATHWAY","BIOCARTA_ACE2_PATHWAY",0.555348290106691
"BIOCARTA_GHRELIN_PATHWAY","BIOCARTA_INTRINSIC_PATHWAY",0.506212685051078
"BIOCARTA_GHRELIN_PATHWAY","BIOCARTA_AMI_PATHWAY",0.505892419233559
"BIOCARTA_GHRELIN_PATHWAY","BIOCARTA_EICOSANOID_PATHWAY",0.468970782269086
"BIOCARTA_GHRELIN_PATHWAY","BIOCARTA_EXTRINSIC_PATHWAY",0.468316387370519
"BIOCARTA_VOBESITY_PATHWAY","BIOCARTA_LAIR_PATHWAY",0.517175129400662
"BIOCARTA_VOBESITY_PATHWAY","BIOCARTA_EICOSANOID_PATHWAY",0.514571712651786
"BIOCARTA_VOBESITY_PATHWAY","BIOCARTA_MSP_PATHWAY",0.501577691287251
"BIOCARTA_VOBESITY_PATHWAY","BIOCARTA_ERYTH_PATHWAY",0.477143568381931
"BIOCARTA_VOBESITY_PATHWAY","BIOCARTA_INFLAM_PATHWAY",0.469401082601526
"BIOCARTA_ERBB3_PATHWAY","BIOCARTA_PLATELETAPP_PATHWAY",0.580244360967291
"BIOCARTA_ERBB3_PATHWAY","BIOCARTA_AGR_PATHWAY",0.553990725649359
"BIOCARTA_ERBB3_PATHWAY","BIOCARTA_ACE2_PATHWAY",0.552129344061923
"BIOCARTA_ERBB3_PATHWAY","BIOCARTA_AMI_PATHWAY",0.541754126404954
"BIOCARTA_ERBB3_PATHWAY","BIOCARTA_MCALPAIN_PATHWAY",0.538409375116975
"BIOCARTA_CTBP1_PATHWAY","BIOCARTA_SUMO_PATHWAY",0.785205991176563
"BIOCARTA_CTBP1_PATHWAY","BIOCARTA_RANBP2_PATHWAY",0.514770157725918
"BIOCARTA_CTBP1_PATHWAY","BIOCARTA_SM_PATHWAY",0.510556175532634
"BIOCARTA_CTBP1_PATHWAY","BIOCARTA_CDC25_PATHWAY",0.481629982749592
"BIOCARTA_CTBP1_PATHWAY","BIOCARTA_MCM_PATHWAY",0.473441862716978
"BIOCARTA_PRION_PATHWAY","BIOCARTA_RECK_PATHWAY",0.652480002155236
"BIOCARTA_PRION_PATHWAY","BIOCARTA_PLATELETAPP_PATHWAY",0.552608344270621
"BIOCARTA_PRION_PATHWAY","BIOCARTA_LDL_PATHWAY",0.550770438945267
"BIOCARTA_PRION_PATHWAY","BIOCARTA_CARDIACEGF_PATHWAY",0.543581532256304
"BIOCARTA_PRION_PATHWAY","BIOCARTA_UCALPAIN_PATHWAY",0.541741427990052
"BIOCARTA_PLK3_PATHWAY","BIOCARTA_G2_PATHWAY",0.748495852064331
"BIOCARTA_PLK3_PATHWAY","BIOCARTA_RB_PATHWAY",0.738412612206843
"BIOCARTA_PLK3_PATHWAY","BIOCARTA_CDC25_PATHWAY",0.707018421241354
"BIOCARTA_PLK3_PATHWAY","BIOCARTA_ATRBRCA_PATHWAY",0.669599601389847
"BIOCARTA_PLK3_PATHWAY","BIOCARTA_ATM_PATHWAY",0.594859778071827
"BIOCARTA_FXR_PATHWAY","BIOCARTA_NUCLEARRS_PATHWAY",0.721635459087839
"BIOCARTA_FXR_PATHWAY","BIOCARTA_EXTRINSIC_PATHWAY",0.572707756996095
"BIOCARTA_FXR_PATHWAY","BIOCARTA_PEPI_PATHWAY",0.552756861408564
"BIOCARTA_FXR_PATHWAY","BIOCARTA_ERBB3_PATHWAY",0.490290095988468
"BIOCARTA_FXR_PATHWAY","BIOCARTA_MRP_PATHWAY",0.481667874716352
"BIOCARTA_MHC_PATHWAY","BIOCARTA_EOSINOPHILS_PATHWAY",0.718479629518259
"BIOCARTA_MHC_PATHWAY","BIOCARTA_BBCELL_PATHWAY",0.704160887627513
"BIOCARTA_MHC_PATHWAY","BIOCARTA_TH1TH2_PATHWAY",0.666123278768435
"BIOCARTA_MHC_PATHWAY","BIOCARTA_IL5_PATHWAY",0.664465458008362
"BIOCARTA_MHC_PATHWAY","BIOCARTA_BLYMPHOCYTE_PATHWAY",0.656751062633636
"BIOCARTA_ACETAMINOPHEN_PATHWAY","BIOCARTA_EICOSANOID_PATHWAY",0.549401645849409
"BIOCARTA_ACETAMINOPHEN_PATHWAY","BIOCARTA_NUCLEARRS_PATHWAY",0.479848589924764
"BIOCARTA_ACETAMINOPHEN_PATHWAY","BIOCARTA_PEPI_PATHWAY",0.47736782883067
"BIOCARTA_ACETAMINOPHEN_PATHWAY","BIOCARTA_CYTOKINE_PATHWAY",0.468556585584384
"BIOCARTA_ACETAMINOPHEN_PATHWAY","BIOCARTA_IL17_PATHWAY",0.458108945633654
"BIOCARTA_PRC2_PATHWAY","BIOCARTA_VDR_PATHWAY",0.735738490066194
"BIOCARTA_PRC2_PATHWAY","BIOCARTA_ATRBRCA_PATHWAY",0.703308155276429
"BIOCARTA_PRC2_PATHWAY","BIOCARTA_BARD1_PATHWAY",0.68970475712809
"BIOCARTA_PRC2_PATHWAY","BIOCARTA_HSWI_SNF_PATHWAY",0.683014587909567
"BIOCARTA_PRC2_PATHWAY","BIOCARTA_CARM_ER_PATHWAY",0.660723391326301
"BIOCARTA_SM_PATHWAY","BIOCARTA_MCM_PATHWAY",0.690605480611078
"BIOCARTA_SM_PATHWAY","BIOCARTA_NPC_PATHWAY",0.689396791349359
"BIOCARTA_SM_PATHWAY","BIOCARTA_RAN_PATHWAY",0.687081480346198
"BIOCARTA_SM_PATHWAY","BIOCARTA_P27_PATHWAY",0.684413071412428
"BIOCARTA_SM_PATHWAY","BIOCARTA_RANMS_PATHWAY",0.672385369946027
"BIOCARTA_RANBP2_PATHWAY","BIOCARTA_PRC2_PATHWAY",0.645837763956456
"BIOCARTA_RANBP2_PATHWAY","BIOCARTA_G2_PATHWAY",0.62191964875342
"BIOCARTA_RANBP2_PATHWAY","BIOCARTA_VDR_PATHWAY",0.604885335678014
"BIOCARTA_RANBP2_PATHWAY","BIOCARTA_CARM_ER_PATHWAY",0.601428377333114
"BIOCARTA_RANBP2_PATHWAY","BIOCARTA_TERC_PATHWAY",0.585156567295566
"BIOCARTA_IRES_PATHWAY","BIOCARTA_EIF_PATHWAY",0.74723005691631
"BIOCARTA_IRES_PATHWAY","BIOCARTA_MTOR_PATHWAY",0.704781988943871
"BIOCARTA_IRES_PATHWAY","BIOCARTA_EIF4_PATHWAY",0.558166448534798
"BIOCARTA_IRES_PATHWAY","BIOCARTA_NPC_PATHWAY",0.511236032353705
"BIOCARTA_IRES_PATHWAY","BIOCARTA_VEGF_PATHWAY",0.489734065395833
"BIOCARTA_PLC_PATHWAY","BIOCARTA_PAR1_PATHWAY",0.717434386472391
"BIOCARTA_PLC_PATHWAY","BIOCARTA_ERK5_PATHWAY",0.604528828537936
"BIOCARTA_PLC_PATHWAY","BIOCARTA_TRKA_PATHWAY",0.601281100369927
"BIOCARTA_PLC_PATHWAY","BIOCARTA_GH_PATHWAY",0.591445410960683
"BIOCARTA_PLC_PATHWAY","BIOCARTA_HDAC_PATHWAY",0.582547763062555
"BIOCARTA_BBCELL_PATHWAY","BIOCARTA_ASBCELL_PATHWAY",0.963904227890709
"BIOCARTA_BBCELL_PATHWAY","BIOCARTA_BLYMPHOCYTE_PATHWAY",0.849040333573552
"BIOCARTA_BBCELL_PATHWAY","BIOCARTA_IL5_PATHWAY",0.803840817993002
"BIOCARTA_BBCELL_PATHWAY","BIOCARTA_TH1TH2_PATHWAY",0.793139583359498
"BIOCARTA_BBCELL_PATHWAY","BIOCARTA_EOSINOPHILS_PATHWAY",0.765602463164503
"BIOCARTA_CDC25_PATHWAY","BIOCARTA_RB_PATHWAY",0.9199584549674
"BIOCARTA_CDC25_PATHWAY","BIOCARTA_G2_PATHWAY",0.877946381714704
"BIOCARTA_CDC25_PATHWAY","BIOCARTA_SRCRPTP_PATHWAY",0.746069201946492
"BIOCARTA_CDC25_PATHWAY","BIOCARTA_ATRBRCA_PATHWAY",0.733509457003946
"BIOCARTA_CDC25_PATHWAY","BIOCARTA_MCM_PATHWAY",0.725859244657124
"BIOCARTA_DSP_PATHWAY","BIOCARTA_FOSB_PATHWAY",0.37308101094009
"BIOCARTA_DSP_PATHWAY","BIOCARTA_ERBB3_PATHWAY",0.342548038491338
"BIOCARTA_DSP_PATHWAY","BIOCARTA_NUCLEARRS_PATHWAY",0.334535312253573
"BIOCARTA_DSP_PATHWAY","BIOCARTA_RAB_PATHWAY",0.322809954208385
"BIOCARTA_DSP_PATHWAY","BIOCARTA_ARENRF2_PATHWAY",0.321952981542101
"BIOCARTA_NPC_PATHWAY","BIOCARTA_RANMS_PATHWAY",0.834537143523712
"BIOCARTA_NPC_PATHWAY","BIOCARTA_RAN_PATHWAY",0.819730142821665
"BIOCARTA_NPC_PATHWAY","BIOCARTA_MCM_PATHWAY",0.747686295700616
"BIOCARTA_NPC_PATHWAY","BIOCARTA_SM_PATHWAY",0.689396791349359
"BIOCARTA_NPC_PATHWAY","BIOCARTA_BARD1_PATHWAY",0.663960628559091
"BIOCARTA_FLUMAZENIL_PATHWAY","BIOCARTA_GABA_PATHWAY",0.362111151177448
"BIOCARTA_FLUMAZENIL_PATHWAY","BIOCARTA_SLRP_PATHWAY",0.254761436789931
"BIOCARTA_FLUMAZENIL_PATHWAY","BIOCARTA_ETC_PATHWAY",0.243636716104905
"BIOCARTA_FLUMAZENIL_PATHWAY","BIOCARTA_NO1_PATHWAY",0.242158400134511
"BIOCARTA_FLUMAZENIL_PATHWAY","BIOCARTA_REELIN_PATHWAY",0.238399121883471
"BIOCARTA_MELANOCYTE_PATHWAY","BIOCARTA_BAD_PATHWAY",0.488809578982329
"BIOCARTA_MELANOCYTE_PATHWAY","BIOCARTA_CREB_PATHWAY",0.374404910816402
"BIOCARTA_MELANOCYTE_PATHWAY","BIOCARTA_PPARG_PATHWAY",0.349130954526505
"BIOCARTA_MELANOCYTE_PATHWAY","BIOCARTA_DICER_PATHWAY",0.320806855239909
"BIOCARTA_MELANOCYTE_PATHWAY","BIOCARTA_CARM1_PATHWAY",0.320027143627334
"BIOCARTA_S1P_PATHWAY","BIOCARTA_FXR_PATHWAY",0.284247017319458
"BIOCARTA_S1P_PATHWAY","BIOCARTA_ERK_PATHWAY",0.283382022610457
"BIOCARTA_S1P_PATHWAY","BIOCARTA_PS1_PATHWAY",0.274543378354171
"BIOCARTA_S1P_PATHWAY","BIOCARTA_MALATEX_PATHWAY",0.268383553761997
"BIOCARTA_S1P_PATHWAY","BIOCARTA_TFF_PATHWAY",0.265890709104372
"BIOCARTA_HBX_PATHWAY","BIOCARTA_ERK5_PATHWAY",0.550080004575204
"BIOCARTA_HBX_PATHWAY","BIOCARTA_TRKA_PATHWAY",0.53468546787101
"BIOCARTA_HBX_PATHWAY","BIOCARTA_IGF1_PATHWAY",0.512852629109443
"BIOCARTA_HBX_PATHWAY","BIOCARTA_MET_PATHWAY",0.500829653573686
"BIOCARTA_HBX_PATHWAY","BIOCARTA_IGF1R_PATHWAY",0.49958587776378
"BIOCARTA_MALATEX_PATHWAY","BIOCARTA_KREB_PATHWAY",0.567656360923344
"BIOCARTA_MALATEX_PATHWAY","BIOCARTA_ETC_PATHWAY",0.506464431847225
"BIOCARTA_MALATEX_PATHWAY","BIOCARTA_PROTEASOME_PATHWAY",0.337497002250987
"BIOCARTA_MALATEX_PATHWAY","BIOCARTA_FEEDER_PATHWAY",0.312365415804115
"BIOCARTA_MALATEX_PATHWAY","BIOCARTA_P27_PATHWAY",0.307576378544126
"BIOCARTA_TSP1_PATHWAY","BIOCARTA_CARDIACEGF_PATHWAY",0.495861099440331
"BIOCARTA_TSP1_PATHWAY","BIOCARTA_CCR5_PATHWAY",0.461107403352323
"BIOCARTA_TSP1_PATHWAY","BIOCARTA_RECK_PATHWAY",0.418435741707717
"BIOCARTA_TSP1_PATHWAY","BIOCARTA_ARENRF2_PATHWAY",0.406124767697689
"BIOCARTA_TSP1_PATHWAY","BIOCARTA_INTEGRIN_PATHWAY",0.400365157074458
"BIOCARTA_NPP1_PATHWAY","BIOCARTA_PLATELETAPP_PATHWAY",0.850757687012562
"BIOCARTA_NPP1_PATHWAY","BIOCARTA_VITCB_PATHWAY",0.823157326063015
"BIOCARTA_NPP1_PATHWAY","BIOCARTA_AMI_PATHWAY",0.777307115539806
"BIOCARTA_NPP1_PATHWAY","BIOCARTA_ACE2_PATHWAY",0.775708738700355
"BIOCARTA_NPP1_PATHWAY","BIOCARTA_INTRINSIC_PATHWAY",0.713490060425736
"BIOCARTA_CPSF_PATHWAY","BIOCARTA_ATRBRCA_PATHWAY",0.676601904439005
"BIOCARTA_CPSF_PATHWAY","BIOCARTA_RNAPOL3_PATHWAY",0.669897856225346
"BIOCARTA_CPSF_PATHWAY","BIOCARTA_VDR_PATHWAY",0.665656438955038
"BIOCARTA_CPSF_PATHWAY","BIOCARTA_SET_PATHWAY",0.65970073139848
"BIOCARTA_CPSF_PATHWAY","BIOCARTA_PRC2_PATHWAY",0.65411105737594
"BIOCARTA_HES_PATHWAY","BIOCARTA_PS1_PATHWAY",0.661224840983891
"BIOCARTA_HES_PATHWAY","BIOCARTA_NOTCH_PATHWAY",0.526569581427758
"BIOCARTA_HES_PATHWAY","BIOCARTA_ALK_PATHWAY",0.405154467933357
"BIOCARTA_HES_PATHWAY","BIOCARTA_CIRCADIAN_PATHWAY",0.325085461498897
"BIOCARTA_HES_PATHWAY","BIOCARTA_WNT_PATHWAY",0.321567045447608
"BIOCARTA_ERBB4_PATHWAY","BIOCARTA_MYOSIN_PATHWAY",0.344284343813286
"BIOCARTA_ERBB4_PATHWAY","BIOCARTA_SHH_PATHWAY",0.304528995386723
"BIOCARTA_ERBB4_PATHWAY","BIOCARTA_TRKA_PATHWAY",0.298336012846702
"BIOCARTA_ERBB4_PATHWAY","BIOCARTA_EGF_PATHWAY",0.294749491841381
"BIOCARTA_ERBB4_PATHWAY","BIOCARTA_PLC_PATHWAY",0.292678053339086
"BIOCARTA_RHODOPSIN_PATHWAY","BIOCARTA_TCYTOTOXIC_PATHWAY",0.273786590125125
"BIOCARTA_RHODOPSIN_PATHWAY","BIOCARTA_RACC_PATHWAY",0.268706361246681
"BIOCARTA_RHODOPSIN_PATHWAY","BIOCARTA_NO2IL12_PATHWAY",0.263539369773095
"BIOCARTA_RHODOPSIN_PATHWAY","BIOCARTA_CSK_PATHWAY",0.259665378212836
"BIOCARTA_RHODOPSIN_PATHWAY","BIOCARTA_PDZS_PATHWAY",0.251433495172977
"BIOCARTA_RNAPOL3_PATHWAY","BIOCARTA_CPSF_PATHWAY",0.669897856225346
"BIOCARTA_RNAPOL3_PATHWAY","BIOCARTA_VDR_PATHWAY",0.598997938473969
"BIOCARTA_RNAPOL3_PATHWAY","BIOCARTA_SET_PATHWAY",0.583568934703907
"BIOCARTA_RNAPOL3_PATHWAY","BIOCARTA_CARM_ER_PATHWAY",0.570601197740659
"BIOCARTA_RNAPOL3_PATHWAY","BIOCARTA_MCM_PATHWAY",0.564933240581494
"BIOCARTA_TERC_PATHWAY","BIOCARTA_VDR_PATHWAY",0.665785251310537
"BIOCARTA_TERC_PATHWAY","BIOCARTA_PRC2_PATHWAY",0.643622286353533
"BIOCARTA_TERC_PATHWAY","BIOCARTA_ATRBRCA_PATHWAY",0.612281213707249
"BIOCARTA_TERC_PATHWAY","BIOCARTA_HSWI_SNF_PATHWAY",0.602006132830241
"BIOCARTA_TERC_PATHWAY","BIOCARTA_DICER_PATHWAY",0.591692042010539
"BIOCARTA_EOSINOPHILS_PATHWAY","BIOCARTA_IL5_PATHWAY",0.879548819380877
"BIOCARTA_EOSINOPHILS_PATHWAY","BIOCARTA_TH1TH2_PATHWAY",0.787966062189287
"BIOCARTA_EOSINOPHILS_PATHWAY","BIOCARTA_BLYMPHOCYTE_PATHWAY",0.765635081916015
"BIOCARTA_EOSINOPHILS_PATHWAY","BIOCARTA_BBCELL_PATHWAY",0.765602463164503
"BIOCARTA_EOSINOPHILS_PATHWAY","BIOCARTA_ASBCELL_PATHWAY",0.75098111321509
"BIOCARTA_REELIN_PATHWAY","BIOCARTA_LIS1_PATHWAY",0.479774587526206
"BIOCARTA_REELIN_PATHWAY","BIOCARTA_CK1_PATHWAY",0.428558240563291
"BIOCARTA_REELIN_PATHWAY","BIOCARTA_BOTULIN_PATHWAY",0.39791096840107
"BIOCARTA_REELIN_PATHWAY","BIOCARTA_SHH_PATHWAY",0.363119295808661
"BIOCARTA_REELIN_PATHWAY","BIOCARTA_PARKIN_PATHWAY",0.355649299758023
"BIOCARTA_BARD1_PATHWAY","BIOCARTA_ATRBRCA_PATHWAY",0.878426916601024
"BIOCARTA_BARD1_PATHWAY","BIOCARTA_MCM_PATHWAY",0.820971839849961
"BIOCARTA_BARD1_PATHWAY","BIOCARTA_CDC25_PATHWAY",0.724263228473314
"BIOCARTA_BARD1_PATHWAY","BIOCARTA_G2_PATHWAY",0.723233956259445
"BIOCARTA_BARD1_PATHWAY","BIOCARTA_RB_PATHWAY",0.720244458665257
"BIOCARTA_LDL_PATHWAY","BIOCARTA_PRION_PATHWAY",0.550770438945267
"BIOCARTA_LDL_PATHWAY","BIOCARTA_RECK_PATHWAY",0.519120660623388
"BIOCARTA_LDL_PATHWAY","BIOCARTA_CARDIACEGF_PATHWAY",0.516982695599624
"BIOCARTA_LDL_PATHWAY","BIOCARTA_PLATELETAPP_PATHWAY",0.516722035357948
"BIOCARTA_LDL_PATHWAY","BIOCARTA_INFLAM_PATHWAY",0.507034467290753
"BIOCARTA_SAM68_PATHWAY","BIOCARTA_MAL_PATHWAY",0.585105314255857
"BIOCARTA_SAM68_PATHWAY","BIOCARTA_IGF1R_PATHWAY",0.570059489780141
"BIOCARTA_SAM68_PATHWAY","BIOCARTA_PYK2_PATHWAY",0.561406922417476
"BIOCARTA_SAM68_PATHWAY","BIOCARTA_RACCYCD_PATHWAY",0.561219349209813
"BIOCARTA_SAM68_PATHWAY","BIOCARTA_ERK5_PATHWAY",0.555230272691962
"BIOCARTA_FBW7_PATHWAY","BIOCARTA_SKP2E2F_PATHWAY",0.905965043292718
"BIOCARTA_FBW7_PATHWAY","BIOCARTA_P27_PATHWAY",0.798873258074556
"BIOCARTA_FBW7_PATHWAY","BIOCARTA_RB_PATHWAY",0.657998649053976
"BIOCARTA_FBW7_PATHWAY","BIOCARTA_G2_PATHWAY",0.639088285161982
"BIOCARTA_FBW7_PATHWAY","BIOCARTA_MCM_PATHWAY",0.63319473067498
"BIOCARTA_CB1R_PATHWAY","BIOCARTA_NUCLEARRS_PATHWAY",0.578178857532433
"BIOCARTA_CB1R_PATHWAY","BIOCARTA_FXR_PATHWAY",0.472031623334173
"BIOCARTA_CB1R_PATHWAY","BIOCARTA_PEPI_PATHWAY",0.440397992344191
"BIOCARTA_CB1R_PATHWAY","BIOCARTA_EXTRINSIC_PATHWAY",0.423630310207172
"BIOCARTA_CB1R_PATHWAY","BIOCARTA_INTRINSIC_PATHWAY",0.420692058276755
"BIOCARTA_SUMO_PATHWAY","BIOCARTA_CTBP1_PATHWAY",0.785205991176563
"BIOCARTA_SUMO_PATHWAY","BIOCARTA_SM_PATHWAY",0.654025750141816
"BIOCARTA_SUMO_PATHWAY","BIOCARTA_P27_PATHWAY",0.62450390629587
"BIOCARTA_SUMO_PATHWAY","BIOCARTA_MCM_PATHWAY",0.593001898951848
"BIOCARTA_SUMO_PATHWAY","BIOCARTA_RANMS_PATHWAY",0.589645801683012
"BIOCARTA_IFNA_PATHWAY","BIOCARTA_IL22BP_PATHWAY",0.647262835243026
"BIOCARTA_IFNA_PATHWAY","BIOCARTA_IFNG_PATHWAY",0.613908912461982
"BIOCARTA_IFNA_PATHWAY","BIOCARTA_RANKL_PATHWAY",0.534629264186536
"BIOCARTA_IFNA_PATHWAY","BIOCARTA_STAT3_PATHWAY",0.527171480407124
"BIOCARTA_IFNA_PATHWAY","BIOCARTA_IL10_PATHWAY",0.509306688268165
"BIOCARTA_PKC_PATHWAY","BIOCARTA_CDMAC_PATHWAY",0.586459326928191
"BIOCARTA_PKC_PATHWAY","BIOCARTA_RELA_PATHWAY",0.485563816328879
"BIOCARTA_PKC_PATHWAY","BIOCARTA_NTHI_PATHWAY",0.484503451123767
"BIOCARTA_PKC_PATHWAY","BIOCARTA_NFKB_PATHWAY",0.463652764905926
"BIOCARTA_PKC_PATHWAY","BIOCARTA_41BB_PATHWAY",0.460581538881957
"BIOCARTA_PPARG_PATHWAY","BIOCARTA_CARM1_PATHWAY",0.514895307838789
"BIOCARTA_PPARG_PATHWAY","BIOCARTA_RARRXR_PATHWAY",0.498476095541247
"BIOCARTA_PPARG_PATHWAY","BIOCARTA_PITX2_PATHWAY",0.491362603450753
"BIOCARTA_PPARG_PATHWAY","BIOCARTA_PPARA_PATHWAY",0.470257305751856
"BIOCARTA_PPARG_PATHWAY","BIOCARTA_PELP1_PATHWAY",0.465698156603069
"BIOCARTA_ION_PATHWAY","BIOCARTA_PLC_PATHWAY",0.337665208675674
"BIOCARTA_ION_PATHWAY","BIOCARTA_NKCELLS_PATHWAY",0.323122632669744
"BIOCARTA_ION_PATHWAY","BIOCARTA_TCYTOTOXIC_PATHWAY",0.318020379747841
"BIOCARTA_ION_PATHWAY","BIOCARTA_VOBESITY_PATHWAY",0.303430855413221
"BIOCARTA_ION_PATHWAY","BIOCARTA_GRANULOCYTES_PATHWAY",0.299637443268263
"BIOCARTA_PELP1_PATHWAY","BIOCARTA_PITX2_PATHWAY",0.624588237592444
"BIOCARTA_PELP1_PATHWAY","BIOCARTA_ERK5_PATHWAY",0.574058280094715
"BIOCARTA_PELP1_PATHWAY","BIOCARTA_VDR_PATHWAY",0.573114288070948
"BIOCARTA_PELP1_PATHWAY","BIOCARTA_CARM_ER_PATHWAY",0.563682462664193
"BIOCARTA_PELP1_PATHWAY","BIOCARTA_CARM1_PATHWAY",0.554736083721363
"BIOCARTA_STAT3_PATHWAY","BIOCARTA_IL22BP_PATHWAY",0.703132545190808
"BIOCARTA_STAT3_PATHWAY","BIOCARTA_GH_PATHWAY",0.558101839762135
"BIOCARTA_STAT3_PATHWAY","BIOCARTA_TPO_PATHWAY",0.536632789446226
"BIOCARTA_STAT3_PATHWAY","BIOCARTA_IL6_PATHWAY",0.531508089112519
"BIOCARTA_STAT3_PATHWAY","BIOCARTA_GLEEVEC_PATHWAY",0.529615304255603
"BIOCARTA_EEA1_PATHWAY","BIOCARTA_AGR_PATHWAY",0.571781616241204
"BIOCARTA_EEA1_PATHWAY","BIOCARTA_ERBB3_PATHWAY",0.533822710519142
"BIOCARTA_EEA1_PATHWAY","BIOCARTA_CARDIACEGF_PATHWAY",0.521457860175611
"BIOCARTA_EEA1_PATHWAY","BIOCARTA_SPRY_PATHWAY",0.494173535958338
"BIOCARTA_EEA1_PATHWAY","BIOCARTA_EGFR_SMRTE_PATHWAY",0.492088135188044
"BIOCARTA_MITR_PATHWAY","BIOCARTA_CACAM_PATHWAY",0.419610451100607
"BIOCARTA_MITR_PATHWAY","BIOCARTA_RECK_PATHWAY",0.381568189499918
"BIOCARTA_MITR_PATHWAY","BIOCARTA_PGC1A_PATHWAY",0.361417120559623
"BIOCARTA_MITR_PATHWAY","BIOCARTA_NFAT_PATHWAY",0.348098662196493
"BIOCARTA_MITR_PATHWAY","BIOCARTA_AGR_PATHWAY",0.337400505495903
"BIOCARTA_CIRCADIAN_PATHWAY","BIOCARTA_MAPK_PATHWAY",0.446797248957757
"BIOCARTA_CIRCADIAN_PATHWAY","BIOCARTA_PS1_PATHWAY",0.437341876560176
"BIOCARTA_CIRCADIAN_PATHWAY","BIOCARTA_INSULIN_PATHWAY",0.412811425029898
"BIOCARTA_CIRCADIAN_PATHWAY","BIOCARTA_WNT_PATHWAY",0.409295855423915
"BIOCARTA_CIRCADIAN_PATHWAY","BIOCARTA_PTEN_PATHWAY",0.393854340858474
"BIOCARTA_RECK_PATHWAY","BIOCARTA_PRION_PATHWAY",0.652480002155236
"BIOCARTA_RECK_PATHWAY","BIOCARTA_PLATELETAPP_PATHWAY",0.629829654792066
"BIOCARTA_RECK_PATHWAY","BIOCARTA_CARDIACEGF_PATHWAY",0.626566740189559
"BIOCARTA_RECK_PATHWAY","BIOCARTA_ERYTH_PATHWAY",0.580468371229215
"BIOCARTA_RECK_PATHWAY","BIOCARTA_UCALPAIN_PATHWAY",0.563989985627021
"BIOCARTA_MSP_PATHWAY","BIOCARTA_INFLAM_PATHWAY",0.685292585562565
"BIOCARTA_MSP_PATHWAY","BIOCARTA_LAIR_PATHWAY",0.665364477251988
"BIOCARTA_MSP_PATHWAY","BIOCARTA_CYTOKINE_PATHWAY",0.637454268681132
"BIOCARTA_MSP_PATHWAY","BIOCARTA_STEM_PATHWAY",0.617733417992432
"BIOCARTA_MSP_PATHWAY","BIOCARTA_PEPI_PATHWAY",0.5732048371528
"BIOCARTA_SLRP_PATHWAY","BIOCARTA_RECK_PATHWAY",0.495593891930318
"BIOCARTA_SLRP_PATHWAY","BIOCARTA_CLASSIC_PATHWAY",0.425492987902147
"BIOCARTA_SLRP_PATHWAY","BIOCARTA_COMP_PATHWAY",0.422489453289328
"BIOCARTA_SLRP_PATHWAY","BIOCARTA_AMI_PATHWAY",0.414986375234167
"BIOCARTA_SLRP_PATHWAY","BIOCARTA_EICOSANOID_PATHWAY",0.405105132694257
"BIOCARTA_ALTERNATIVE_PATHWAY","BIOCARTA_COMP_PATHWAY",0.782903933091493
"BIOCARTA_ALTERNATIVE_PATHWAY","BIOCARTA_LECTIN_PATHWAY",0.711355618582382
"BIOCARTA_ALTERNATIVE_PATHWAY","BIOCARTA_CLASSIC_PATHWAY",0.698396401734805
"BIOCARTA_ALTERNATIVE_PATHWAY","BIOCARTA_LAIR_PATHWAY",0.523267711043869
"BIOCARTA_ALTERNATIVE_PATHWAY","BIOCARTA_INTRINSIC_PATHWAY",0.495306095305744
"BIOCARTA_FOSB_PATHWAY","BIOCARTA_NUCLEARRS_PATHWAY",0.404001943951391
"BIOCARTA_FOSB_PATHWAY","BIOCARTA_PDZS_PATHWAY",0.4022075006677
"BIOCARTA_FOSB_PATHWAY","BIOCARTA_DSP_PATHWAY",0.37308101094009
"BIOCARTA_FOSB_PATHWAY","BIOCARTA_BARRESTIN_PATHWAY",0.352253660205776
"BIOCARTA_FOSB_PATHWAY","BIOCARTA_CB1R_PATHWAY",0.328431067796229
"BIOCARTA_NOTCH_PATHWAY","BIOCARTA_PS1_PATHWAY",0.721663122425044
"BIOCARTA_NOTCH_PATHWAY","BIOCARTA_HES_PATHWAY",0.526569581427758
"BIOCARTA_NOTCH_PATHWAY","BIOCARTA_MAPK_PATHWAY",0.436662055501307
"BIOCARTA_NOTCH_PATHWAY","BIOCARTA_PTEN_PATHWAY",0.397673047734041
"BIOCARTA_NOTCH_PATHWAY","BIOCARTA_TGFB_PATHWAY",0.392509644460637
"BIOCARTA_TUBBY_PATHWAY","BIOCARTA_RACC_PATHWAY",0.43354300612007
"BIOCARTA_TUBBY_PATHWAY","BIOCARTA_BARRESTIN_PATHWAY",0.413537660022202
"BIOCARTA_TUBBY_PATHWAY","BIOCARTA_ACTINY_PATHWAY",0.385188679151472
"BIOCARTA_TUBBY_PATHWAY","BIOCARTA_GABA_PATHWAY",0.381004088761446
"BIOCARTA_TUBBY_PATHWAY","BIOCARTA_PARKIN_PATHWAY",0.367211167589116
"BIOCARTA_MRP_PATHWAY","BIOCARTA_NUCLEARRS_PATHWAY",0.624060437702467
"BIOCARTA_MRP_PATHWAY","BIOCARTA_EICOSANOID_PATHWAY",0.488815096070273
"BIOCARTA_MRP_PATHWAY","BIOCARTA_FXR_PATHWAY",0.481667874716352
"BIOCARTA_MRP_PATHWAY","BIOCARTA_EXTRINSIC_PATHWAY",0.470243964697552
"BIOCARTA_MRP_PATHWAY","BIOCARTA_PEPI_PATHWAY",0.457386072304424
"BIOCARTA_DICER_PATHWAY","BIOCARTA_HSWI_SNF_PATHWAY",0.617676072978009
"BIOCARTA_DICER_PATHWAY","BIOCARTA_VDR_PATHWAY",0.61253780505264
"BIOCARTA_DICER_PATHWAY","BIOCARTA_IGF1MTOR_PATHWAY",0.60305631866029
"BIOCARTA_DICER_PATHWAY","BIOCARTA_PITX2_PATHWAY",0.602037334208991
"BIOCARTA_DICER_PATHWAY","BIOCARTA_PRC2_PATHWAY",0.601786429490299
"BIOCARTA_PLCD_PATHWAY","BIOCARTA_CARDIACEGF_PATHWAY",0.552190723197723
"BIOCARTA_PLCD_PATHWAY","BIOCARTA_RECK_PATHWAY",0.527114562088222
"BIOCARTA_PLCD_PATHWAY","BIOCARTA_UCALPAIN_PATHWAY",0.522597508942115
"BIOCARTA_PLCD_PATHWAY","BIOCARTA_PLATELETAPP_PATHWAY",0.5181357511467
"BIOCARTA_PLCD_PATHWAY","BIOCARTA_CBL_PATHWAY",0.511842101196587
"BIOCARTA_RAN_PATHWAY","BIOCARTA_RANMS_PATHWAY",0.844964496821431
"BIOCARTA_RAN_PATHWAY","BIOCARTA_NPC_PATHWAY",0.819730142821665
"BIOCARTA_RAN_PATHWAY","BIOCARTA_SM_PATHWAY",0.687081480346198
"BIOCARTA_RAN_PATHWAY","BIOCARTA_MCM_PATHWAY",0.681487045404215
"BIOCARTA_RAN_PATHWAY","BIOCARTA_G2_PATHWAY",0.605180649428428
"BIOCARTA_WNT_LRP6_PATHWAY","BIOCARTA_GHRELIN_PATHWAY",0.386646215034478
"BIOCARTA_WNT_LRP6_PATHWAY","BIOCARTA_RACC_PATHWAY",0.336388555994817
"BIOCARTA_WNT_LRP6_PATHWAY","BIOCARTA_NO1_PATHWAY",0.296104457102949
"BIOCARTA_WNT_LRP6_PATHWAY","BIOCARTA_HES_PATHWAY",0.29562215763469
"BIOCARTA_WNT_LRP6_PATHWAY","BIOCARTA_INTRINSIC_PATHWAY",0.28775515460002
"BIOCARTA_PEPI_PATHWAY","BIOCARTA_NUCLEARRS_PATHWAY",0.623776296161184
"BIOCARTA_PEPI_PATHWAY","BIOCARTA_MSP_PATHWAY",0.5732048371528
"BIOCARTA_PEPI_PATHWAY","BIOCARTA_CYTOKINE_PATHWAY",0.571927055251915
"BIOCARTA_PEPI_PATHWAY","BIOCARTA_EXTRINSIC_PATHWAY",0.569209012370963
"BIOCARTA_PEPI_PATHWAY","BIOCARTA_FXR_PATHWAY",0.552756861408564
"BIOCARTA_IFNG_PATHWAY","BIOCARTA_IL22BP_PATHWAY",0.618089357361874
"BIOCARTA_IFNG_PATHWAY","BIOCARTA_IFNA_PATHWAY",0.613908912461982
"BIOCARTA_IFNG_PATHWAY","BIOCARTA_IL10_PATHWAY",0.59022411328214
"BIOCARTA_IFNG_PATHWAY","BIOCARTA_TID_PATHWAY",0.539484142760221
"BIOCARTA_IFNG_PATHWAY","BIOCARTA_RANKL_PATHWAY",0.513221257162013
"BIOCARTA_BOTULIN_PATHWAY","BIOCARTA_PDZS_PATHWAY",0.45300899678471
"BIOCARTA_BOTULIN_PATHWAY","BIOCARTA_CK1_PATHWAY",0.435229600985968
"BIOCARTA_BOTULIN_PATHWAY","BIOCARTA_NO1_PATHWAY",0.43433953882461
"BIOCARTA_BOTULIN_PATHWAY","BIOCARTA_LIS1_PATHWAY",0.418310855946834
"BIOCARTA_BOTULIN_PATHWAY","BIOCARTA_REELIN_PATHWAY",0.39791096840107
"BIOCARTA_FEEDER_PATHWAY","BIOCARTA_MALATEX_PATHWAY",0.312365415804115
"BIOCARTA_FEEDER_PATHWAY","BIOCARTA_MTA3_PATHWAY",0.292639331647388
"BIOCARTA_FEEDER_PATHWAY","BIOCARTA_ETC_PATHWAY",0.243577038007978
"BIOCARTA_FEEDER_PATHWAY","BIOCARTA_AHSP_PATHWAY",0.200873649797331
"BIOCARTA_FEEDER_PATHWAY","BIOCARTA_INTRINSIC_PATHWAY",0.174480218738629
"BIOCARTA_PROTEASOME_PATHWAY","BIOCARTA_RANMS_PATHWAY",0.51884030444105
"BIOCARTA_PROTEASOME_PATHWAY","BIOCARTA_SM_PATHWAY",0.50890746685764
"BIOCARTA_PROTEASOME_PATHWAY","BIOCARTA_RAN_PATHWAY",0.505948374160824
"BIOCARTA_PROTEASOME_PATHWAY","BIOCARTA_P27_PATHWAY",0.470698024456998
"BIOCARTA_PROTEASOME_PATHWAY","BIOCARTA_NPC_PATHWAY",0.453697041114859
"BIOCARTA_KREB_PATHWAY","BIOCARTA_ETC_PATHWAY",0.572362324268118
"BIOCARTA_KREB_PATHWAY","BIOCARTA_MALATEX_PATHWAY",0.567656360923344
"BIOCARTA_KREB_PATHWAY","BIOCARTA_P27_PATHWAY",0.476328152959916
"BIOCARTA_KREB_PATHWAY","BIOCARTA_MCM_PATHWAY",0.434851706462522
"BIOCARTA_KREB_PATHWAY","BIOCARTA_SKP2E2F_PATHWAY",0.433548903426905
"BIOCARTA_RELA_PATHWAY","BIOCARTA_NFKB_PATHWAY",0.890863857220317
"BIOCARTA_RELA_PATHWAY","BIOCARTA_TNFR2_PATHWAY",0.763408317937693
"BIOCARTA_RELA_PATHWAY","BIOCARTA_NTHI_PATHWAY",0.729401674586469
"BIOCARTA_RELA_PATHWAY","BIOCARTA_CD40_PATHWAY",0.728362151085099
"BIOCARTA_RELA_PATHWAY","BIOCARTA_HIVNEF_PATHWAY",0.686144370379698
"BIOCARTA_NO1_PATHWAY","BIOCARTA_BOTULIN_PATHWAY",0.43433953882461
"BIOCARTA_NO1_PATHWAY","BIOCARTA_NOS1_PATHWAY",0.426526098391726
"BIOCARTA_NO1_PATHWAY","BIOCARTA_CK1_PATHWAY",0.424562728362382
"BIOCARTA_NO1_PATHWAY","BIOCARTA_DREAM_PATHWAY",0.385925612322138
"BIOCARTA_NO1_PATHWAY","BIOCARTA_RACC_PATHWAY",0.376957578107264
"BIOCARTA_CSK_PATHWAY","BIOCARTA_TCRA_PATHWAY",0.790001166844938
"BIOCARTA_CSK_PATHWAY","BIOCARTA_CTLA4_PATHWAY",0.765129283111098
"BIOCARTA_CSK_PATHWAY","BIOCARTA_NO2IL12_PATHWAY",0.602986636453191
"BIOCARTA_CSK_PATHWAY","BIOCARTA_BLYMPHOCYTE_PATHWAY",0.580927686011526
"BIOCARTA_CSK_PATHWAY","BIOCARTA_THELPER_PATHWAY",0.566086967876822
"BIOCARTA_SRCRPTP_PATHWAY","BIOCARTA_CDC25_PATHWAY",0.746069201946492
"BIOCARTA_SRCRPTP_PATHWAY","BIOCARTA_RB_PATHWAY",0.723811016411279
"BIOCARTA_SRCRPTP_PATHWAY","BIOCARTA_G2_PATHWAY",0.697917789066584
"BIOCARTA_SRCRPTP_PATHWAY","BIOCARTA_RANMS_PATHWAY",0.63047735471652
"BIOCARTA_SRCRPTP_PATHWAY","BIOCARTA_PTC1_PATHWAY",0.593456501169231
"BIOCARTA_AMI_PATHWAY","BIOCARTA_INTRINSIC_PATHWAY",0.914261249001073
"BIOCARTA_AMI_PATHWAY","BIOCARTA_PLATELETAPP_PATHWAY",0.826860152879247
"BIOCARTA_AMI_PATHWAY","BIOCARTA_EXTRINSIC_PATHWAY",0.795287300601996
"BIOCARTA_AMI_PATHWAY","BIOCARTA_ACE2_PATHWAY",0.791100425027365
"BIOCARTA_AMI_PATHWAY","BIOCARTA_NPP1_PATHWAY",0.777307115539806
"BIOCARTA_ARAP_PATHWAY","BIOCARTA_MAPK_PATHWAY",0.490946503851357
"BIOCARTA_ARAP_PATHWAY","BIOCARTA_RELA_PATHWAY",0.439863393761309
"BIOCARTA_ARAP_PATHWAY","BIOCARTA_HER2_PATHWAY",0.435254505507677
"BIOCARTA_ARAP_PATHWAY","BIOCARTA_PTDINS_PATHWAY",0.431789121475407
"BIOCARTA_ARAP_PATHWAY","BIOCARTA_NFKB_PATHWAY",0.430183186986299
"BIOCARTA_AGR_PATHWAY","BIOCARTA_UCALPAIN_PATHWAY",0.623467688703625
"BIOCARTA_AGR_PATHWAY","BIOCARTA_MCALPAIN_PATHWAY",0.583195416022943
"BIOCARTA_AGR_PATHWAY","BIOCARTA_CARDIACEGF_PATHWAY",0.582284108928058
"BIOCARTA_AGR_PATHWAY","BIOCARTA_EEA1_PATHWAY",0.571781616241204
"BIOCARTA_AGR_PATHWAY","BIOCARTA_ERBB3_PATHWAY",0.553990725649359
"BIOCARTA_AKAP95_PATHWAY","BIOCARTA_AKAPCENTROSOME_PATHWAY",0.759043209994925
"BIOCARTA_AKAP95_PATHWAY","BIOCARTA_RANMS_PATHWAY",0.62862500929182
"BIOCARTA_AKAP95_PATHWAY","BIOCARTA_P27_PATHWAY",0.593381454735123
"BIOCARTA_AKAP95_PATHWAY","BIOCARTA_G2_PATHWAY",0.586869659589421
"BIOCARTA_AKAP95_PATHWAY","BIOCARTA_NPC_PATHWAY",0.583255771350465
"BIOCARTA_AKT_PATHWAY","BIOCARTA_RAS_PATHWAY",0.702013793655807
"BIOCARTA_AKT_PATHWAY","BIOCARTA_HCMV_PATHWAY",0.686055367574118
"BIOCARTA_AKT_PATHWAY","BIOCARTA_RELA_PATHWAY",0.616594949936299
"BIOCARTA_AKT_PATHWAY","BIOCARTA_RACCYCD_PATHWAY",0.614487171260034
"BIOCARTA_AKT_PATHWAY","BIOCARTA_GLEEVEC_PATHWAY",0.608525810984673
"BIOCARTA_ALK_PATHWAY","BIOCARTA_TGFB_PATHWAY",0.519526304779931
"BIOCARTA_ALK_PATHWAY","BIOCARTA_AGR_PATHWAY",0.485423817566853
"BIOCARTA_ALK_PATHWAY","BIOCARTA_PS1_PATHWAY",0.472363432983965
"BIOCARTA_ALK_PATHWAY","BIOCARTA_ACTINY_PATHWAY",0.441164606250392
"BIOCARTA_ALK_PATHWAY","BIOCARTA_CELL2CELL_PATHWAY",0.435342199663068
"BIOCARTA_AT1R_PATHWAY","BIOCARTA_PYK2_PATHWAY",0.906881572741979
"BIOCARTA_AT1R_PATHWAY","BIOCARTA_BIOPEPTIDES_PATHWAY",0.743857939086225
"BIOCARTA_AT1R_PATHWAY","BIOCARTA_EGF_PATHWAY",0.656051204459498
"BIOCARTA_AT1R_PATHWAY","BIOCARTA_MET_PATHWAY",0.647043469640817
"BIOCARTA_AT1R_PATHWAY","BIOCARTA_INTEGRIN_PATHWAY",0.641907855624586
"BIOCARTA_ACE2_PATHWAY","BIOCARTA_AMI_PATHWAY",0.791100425027365
"BIOCARTA_ACE2_PATHWAY","BIOCARTA_INTRINSIC_PATHWAY",0.789149235969237
"BIOCARTA_ACE2_PATHWAY","BIOCARTA_PLATELETAPP_PATHWAY",0.783266897707102
"BIOCARTA_ACE2_PATHWAY","BIOCARTA_NPP1_PATHWAY",0.775708738700355
"BIOCARTA_ACE2_PATHWAY","BIOCARTA_VITCB_PATHWAY",0.700635218670536
"BIOCARTA_ASBCELL_PATHWAY","BIOCARTA_BBCELL_PATHWAY",0.963904227890709
"BIOCARTA_ASBCELL_PATHWAY","BIOCARTA_BLYMPHOCYTE_PATHWAY",0.843323873277464
"BIOCARTA_ASBCELL_PATHWAY","BIOCARTA_IL5_PATHWAY",0.818263315417801
"BIOCARTA_ASBCELL_PATHWAY","BIOCARTA_TH1TH2_PATHWAY",0.803244954295388
"BIOCARTA_ASBCELL_PATHWAY","BIOCARTA_TCRA_PATHWAY",0.768755389906472
"BIOCARTA_DNAFRAGMENT_PATHWAY","BIOCARTA_SET_PATHWAY",0.767974689536425
"BIOCARTA_DNAFRAGMENT_PATHWAY","BIOCARTA_ATRBRCA_PATHWAY",0.66221365416514
"BIOCARTA_DNAFRAGMENT_PATHWAY","BIOCARTA_RB_PATHWAY",0.662020072565201
"BIOCARTA_DNAFRAGMENT_PATHWAY","BIOCARTA_G2_PATHWAY",0.647144675681451
"BIOCARTA_DNAFRAGMENT_PATHWAY","BIOCARTA_BARD1_PATHWAY",0.639672185277586
"BIOCARTA_CHEMICAL_PATHWAY","BIOCARTA_FAS_PATHWAY",0.538629501054904
"BIOCARTA_CHEMICAL_PATHWAY","BIOCARTA_HIVNEF_PATHWAY",0.536511707318771
"BIOCARTA_CHEMICAL_PATHWAY","BIOCARTA_TNFR1_PATHWAY",0.529054130728237
"BIOCARTA_CHEMICAL_PATHWAY","BIOCARTA_MITOCHONDRIA_PATHWAY",0.506332534942838
"BIOCARTA_CHEMICAL_PATHWAY","BIOCARTA_CERAMIDE_PATHWAY",0.493788694999814
"BIOCARTA_SPPA_PATHWAY","BIOCARTA_CCR3_PATHWAY",0.458982813153865
"BIOCARTA_SPPA_PATHWAY","BIOCARTA_EICOSANOID_PATHWAY",0.412314552380307
"BIOCARTA_SPPA_PATHWAY","BIOCARTA_EDG1_PATHWAY",0.394171779114858
"BIOCARTA_SPPA_PATHWAY","BIOCARTA_PLCD_PATHWAY",0.346411146504643
"BIOCARTA_SPPA_PATHWAY","BIOCARTA_CDMAC_PATHWAY",0.329017467849305
"BIOCARTA_ATM_PATHWAY","BIOCARTA_ATRBRCA_PATHWAY",0.618055153297271
"BIOCARTA_ATM_PATHWAY","BIOCARTA_G2_PATHWAY",0.599566136966777
"BIOCARTA_ATM_PATHWAY","BIOCARTA_PLK3_PATHWAY",0.594859778071827
"BIOCARTA_ATM_PATHWAY","BIOCARTA_41BB_PATHWAY",0.529981133928603
"BIOCARTA_ATM_PATHWAY","BIOCARTA_HIVNEF_PATHWAY",0.527270648382311
"BIOCARTA_AGPCR_PATHWAY","BIOCARTA_CK1_PATHWAY",0.626757742616218
"BIOCARTA_AGPCR_PATHWAY","BIOCARTA_NOS1_PATHWAY",0.618255352744988
"BIOCARTA_AGPCR_PATHWAY","BIOCARTA_SHH_PATHWAY",0.599219282541511
"BIOCARTA_AGPCR_PATHWAY","BIOCARTA_GPCR_PATHWAY",0.594014316084494
"BIOCARTA_AGPCR_PATHWAY","BIOCARTA_CREB_PATHWAY",0.56585855386572
"BIOCARTA_BCELLSURVIVAL_PATHWAY","BIOCARTA_RAS_PATHWAY",0.63158271821034
"BIOCARTA_BCELLSURVIVAL_PATHWAY","BIOCARTA_EIF4_PATHWAY",0.621898124842941
"BIOCARTA_BCELLSURVIVAL_PATHWAY","BIOCARTA_HCMV_PATHWAY",0.591550238574351
"BIOCARTA_BCELLSURVIVAL_PATHWAY","BIOCARTA_AKT_PATHWAY",0.588236846596003
"BIOCARTA_BCELLSURVIVAL_PATHWAY","BIOCARTA_IGF1MTOR_PATHWAY",0.581517022456689
"BIOCARTA_BCR_PATHWAY","BIOCARTA_FCER1_PATHWAY",0.886256231553967
"BIOCARTA_BCR_PATHWAY","BIOCARTA_TCR_PATHWAY",0.857597734295111
"BIOCARTA_BCR_PATHWAY","BIOCARTA_CALCINEURIN_PATHWAY",0.687981420471133
"BIOCARTA_BCR_PATHWAY","BIOCARTA_FMLP_PATHWAY",0.684338916277705
"BIOCARTA_BCR_PATHWAY","BIOCARTA_GPCR_PATHWAY",0.66224071404533
"BIOCARTA_BIOPEPTIDES_PATHWAY","BIOCARTA_PYK2_PATHWAY",0.750847580207219
"BIOCARTA_BIOPEPTIDES_PATHWAY","BIOCARTA_AT1R_PATHWAY",0.743857939086225
"BIOCARTA_BIOPEPTIDES_PATHWAY","BIOCARTA_PDGF_PATHWAY",0.613540763888707
"BIOCARTA_BIOPEPTIDES_PATHWAY","BIOCARTA_TPO_PATHWAY",0.60070840889523
"BIOCARTA_BIOPEPTIDES_PATHWAY","BIOCARTA_GPCR_PATHWAY",0.600650420956709
"BIOCARTA_RANKL_PATHWAY","BIOCARTA_IL1R_PATHWAY",0.613639424470243
"BIOCARTA_RANKL_PATHWAY","BIOCARTA_NFKB_PATHWAY",0.588066589607862
"BIOCARTA_RANKL_PATHWAY","BIOCARTA_DEATH_PATHWAY",0.563450328725497
"BIOCARTA_RANKL_PATHWAY","BIOCARTA_RELA_PATHWAY",0.548490664993053
"BIOCARTA_RANKL_PATHWAY","BIOCARTA_RNA_PATHWAY",0.54666994128071
"BIOCARTA_CACAM_PATHWAY","BIOCARTA_NDKDYNAMIN_PATHWAY",0.557073672632281
"BIOCARTA_CACAM_PATHWAY","BIOCARTA_PGC1A_PATHWAY",0.528486463484259
"BIOCARTA_CACAM_PATHWAY","BIOCARTA_GPCR_PATHWAY",0.526071150914616
"BIOCARTA_CACAM_PATHWAY","BIOCARTA_NOS1_PATHWAY",0.483827487756341
"BIOCARTA_CACAM_PATHWAY","BIOCARTA_NFAT_PATHWAY",0.483819360126163
"BIOCARTA_CDMAC_PATHWAY","BIOCARTA_PKC_PATHWAY",0.586459326928191
"BIOCARTA_CDMAC_PATHWAY","BIOCARTA_KERATINOCYTE_PATHWAY",0.557396773533539
"BIOCARTA_CDMAC_PATHWAY","BIOCARTA_NTHI_PATHWAY",0.511826980803674
"BIOCARTA_CDMAC_PATHWAY","BIOCARTA_RELA_PATHWAY",0.494608110969426
"BIOCARTA_CDMAC_PATHWAY","BIOCARTA_CD40_PATHWAY",0.48743891129445
"BIOCARTA_CASPASE_PATHWAY","BIOCARTA_D4GDI_PATHWAY",0.766814144449376
"BIOCARTA_CASPASE_PATHWAY","BIOCARTA_MITOCHONDRIA_PATHWAY",0.739032867450747
"BIOCARTA_CASPASE_PATHWAY","BIOCARTA_HIVNEF_PATHWAY",0.718859135316928
"BIOCARTA_CASPASE_PATHWAY","BIOCARTA_DEATH_PATHWAY",0.712434266306444
"BIOCARTA_CASPASE_PATHWAY","BIOCARTA_FAS_PATHWAY",0.65063130270585
"BIOCARTA_CBL_PATHWAY","BIOCARTA_CARDIACEGF_PATHWAY",0.539840037487022
"BIOCARTA_CBL_PATHWAY","BIOCARTA_PLCD_PATHWAY",0.511842101196587
"BIOCARTA_CBL_PATHWAY","BIOCARTA_SPRY_PATHWAY",0.483879217535753
"BIOCARTA_CBL_PATHWAY","BIOCARTA_EGF_PATHWAY",0.463401900312681
"BIOCARTA_CBL_PATHWAY","BIOCARTA_AGR_PATHWAY",0.443542476151499
"BIOCARTA_CCR3_PATHWAY","BIOCARTA_PYK2_PATHWAY",0.562728179184487
"BIOCARTA_CCR3_PATHWAY","BIOCARTA_AT1R_PATHWAY",0.539734273761204
"BIOCARTA_CCR3_PATHWAY","BIOCARTA_INTEGRIN_PATHWAY",0.502670226948306
"BIOCARTA_CCR3_PATHWAY","BIOCARTA_BIOPEPTIDES_PATHWAY",0.479143532592312
"BIOCARTA_CCR3_PATHWAY","BIOCARTA_CXCR4_PATHWAY",0.473712068814348
"BIOCARTA_CD40_PATHWAY","BIOCARTA_TNFR2_PATHWAY",0.857521309934502
"BIOCARTA_CD40_PATHWAY","BIOCARTA_NFKB_PATHWAY",0.7753982605485
"BIOCARTA_CD40_PATHWAY","BIOCARTA_RELA_PATHWAY",0.728362151085099
"BIOCARTA_CD40_PATHWAY","BIOCARTA_NTHI_PATHWAY",0.72459034016221
"BIOCARTA_CD40_PATHWAY","BIOCARTA_TALL1_PATHWAY",0.680142840694999
"BIOCARTA_MCM_PATHWAY","BIOCARTA_BARD1_PATHWAY",0.820971839849961
"BIOCARTA_MCM_PATHWAY","BIOCARTA_ATRBRCA_PATHWAY",0.772913967002035
"BIOCARTA_MCM_PATHWAY","BIOCARTA_NPC_PATHWAY",0.747686295700616
"BIOCARTA_MCM_PATHWAY","BIOCARTA_P27_PATHWAY",0.739033507683958
"BIOCARTA_MCM_PATHWAY","BIOCARTA_RANMS_PATHWAY",0.734024658757769
"BIOCARTA_G1_PATHWAY","BIOCARTA_RB_PATHWAY",0.703479105103749
"BIOCARTA_G1_PATHWAY","BIOCARTA_CELLCYCLE_PATHWAY",0.69715541341938
"BIOCARTA_G1_PATHWAY","BIOCARTA_SKP2E2F_PATHWAY",0.661527448851044
"BIOCARTA_G1_PATHWAY","BIOCARTA_G2_PATHWAY",0.636957843423861
"BIOCARTA_G1_PATHWAY","BIOCARTA_P27_PATHWAY",0.610319625506039
"BIOCARTA_G2_PATHWAY","BIOCARTA_CDC25_PATHWAY",0.877946381714704
"BIOCARTA_G2_PATHWAY","BIOCARTA_RB_PATHWAY",0.876627277116302
"BIOCARTA_G2_PATHWAY","BIOCARTA_ATRBRCA_PATHWAY",0.756105337862272
"BIOCARTA_G2_PATHWAY","BIOCARTA_PLK3_PATHWAY",0.748495852064331
"BIOCARTA_G2_PATHWAY","BIOCARTA_BARD1_PATHWAY",0.723233956259445
"BIOCARTA_CELL2CELL_PATHWAY","BIOCARTA_UCALPAIN_PATHWAY",0.570457488435546
"BIOCARTA_CELL2CELL_PATHWAY","BIOCARTA_PRION_PATHWAY",0.479154680127613
"BIOCARTA_CELL2CELL_PATHWAY","BIOCARTA_RECK_PATHWAY",0.453435957136562
"BIOCARTA_CELL2CELL_PATHWAY","BIOCARTA_ALK_PATHWAY",0.435342199663068
"BIOCARTA_CELL2CELL_PATHWAY","BIOCARTA_AGR_PATHWAY",0.428325580296999
"BIOCARTA_CERAMIDE_PATHWAY","BIOCARTA_STRESS_PATHWAY",0.651033465965453
"BIOCARTA_CERAMIDE_PATHWAY","BIOCARTA_RELA_PATHWAY",0.630135292936237
"BIOCARTA_CERAMIDE_PATHWAY","BIOCARTA_HIVNEF_PATHWAY",0.62146333275224
"BIOCARTA_CERAMIDE_PATHWAY","BIOCARTA_NFKB_PATHWAY",0.606528476046313
"BIOCARTA_CERAMIDE_PATHWAY","BIOCARTA_RAS_PATHWAY",0.584707106062359
"BIOCARTA_TID_PATHWAY","BIOCARTA_NFKB_PATHWAY",0.663310070995356
"BIOCARTA_TID_PATHWAY","BIOCARTA_RELA_PATHWAY",0.621788402729985
"BIOCARTA_TID_PATHWAY","BIOCARTA_SODD_PATHWAY",0.620937536686016
"BIOCARTA_TID_PATHWAY","BIOCARTA_IL1R_PATHWAY",0.590268120600643
"BIOCARTA_TID_PATHWAY","BIOCARTA_TNFR2_PATHWAY",0.565414228037921
"BIOCARTA_CLASSIC_PATHWAY","BIOCARTA_COMP_PATHWAY",0.929298227077983
"BIOCARTA_CLASSIC_PATHWAY","BIOCARTA_LECTIN_PATHWAY",0.851975598987798
"BIOCARTA_CLASSIC_PATHWAY","BIOCARTA_ALTERNATIVE_PATHWAY",0.698396401734805
"BIOCARTA_CLASSIC_PATHWAY","BIOCARTA_LAIR_PATHWAY",0.559423614496697
"BIOCARTA_CLASSIC_PATHWAY","BIOCARTA_INTRINSIC_PATHWAY",0.528730571240834
"BIOCARTA_COMP_PATHWAY","BIOCARTA_CLASSIC_PATHWAY",0.929298227077983
"BIOCARTA_COMP_PATHWAY","BIOCARTA_LECTIN_PATHWAY",0.892001854750581
"BIOCARTA_COMP_PATHWAY","BIOCARTA_ALTERNATIVE_PATHWAY",0.782903933091493
"BIOCARTA_COMP_PATHWAY","BIOCARTA_INTRINSIC_PATHWAY",0.592483863602532
"BIOCARTA_COMP_PATHWAY","BIOCARTA_AMI_PATHWAY",0.571856297104978
"BIOCARTA_HDAC_PATHWAY","BIOCARTA_CALCINEURIN_PATHWAY",0.741334533485961
"BIOCARTA_HDAC_PATHWAY","BIOCARTA_FCER1_PATHWAY",0.718703029363127
"BIOCARTA_HDAC_PATHWAY","BIOCARTA_NFAT_PATHWAY",0.695723137473881
"BIOCARTA_HDAC_PATHWAY","BIOCARTA_GPCR_PATHWAY",0.67648111237808
"BIOCARTA_HDAC_PATHWAY","BIOCARTA_BCR_PATHWAY",0.656316850579515
"BIOCARTA_GCR_PATHWAY","BIOCARTA_ECM_PATHWAY",0.377049335387897
"BIOCARTA_GCR_PATHWAY","BIOCARTA_MEF2D_PATHWAY",0.37536432202162
"BIOCARTA_GCR_PATHWAY","BIOCARTA_FMLP_PATHWAY",0.351600831610439
"BIOCARTA_GCR_PATHWAY","BIOCARTA_AKT_PATHWAY",0.348505418449933
"BIOCARTA_GCR_PATHWAY","BIOCARTA_NDKDYNAMIN_PATHWAY",0.347445270805741
"BIOCARTA_CTCF_PATHWAY","BIOCARTA_IGF1MTOR_PATHWAY",0.632104315724174
"BIOCARTA_CTCF_PATHWAY","BIOCARTA_EIF4_PATHWAY",0.607003827938331
"BIOCARTA_CTCF_PATHWAY","BIOCARTA_MTOR_PATHWAY",0.583181458125782
"BIOCARTA_CTCF_PATHWAY","BIOCARTA_FCER1_PATHWAY",0.573582104629019
"BIOCARTA_CTCF_PATHWAY","BIOCARTA_ARF_PATHWAY",0.569607963714358
"BIOCARTA_CTL_PATHWAY","BIOCARTA_THELPER_PATHWAY",0.790918305487857
"BIOCARTA_CTL_PATHWAY","BIOCARTA_TCAPOPTOSIS_PATHWAY",0.782004269337587
"BIOCARTA_CTL_PATHWAY","BIOCARTA_TCYTOTOXIC_PATHWAY",0.765438506177485
"BIOCARTA_CTL_PATHWAY","BIOCARTA_GRANULOCYTES_PATHWAY",0.758301823194329
"BIOCARTA_CTL_PATHWAY","BIOCARTA_BLYMPHOCYTE_PATHWAY",0.752699272779352
"BIOCARTA_CXCR4_PATHWAY","BIOCARTA_PDGF_PATHWAY",0.66496992900427
"BIOCARTA_CXCR4_PATHWAY","BIOCARTA_RAS_PATHWAY",0.648258772043116
"BIOCARTA_CXCR4_PATHWAY","BIOCARTA_MET_PATHWAY",0.644420400177827
"BIOCARTA_CXCR4_PATHWAY","BIOCARTA_EGF_PATHWAY",0.642184880383955
"BIOCARTA_CXCR4_PATHWAY","BIOCARTA_PYK2_PATHWAY",0.631288930533093
"BIOCARTA_CELLCYCLE_PATHWAY","BIOCARTA_P27_PATHWAY",0.702552668054811
"BIOCARTA_CELLCYCLE_PATHWAY","BIOCARTA_G1_PATHWAY",0.69715541341938
"BIOCARTA_CELLCYCLE_PATHWAY","BIOCARTA_SKP2E2F_PATHWAY",0.681472833119159
"BIOCARTA_CELLCYCLE_PATHWAY","BIOCARTA_RB_PATHWAY",0.629399677643249
"BIOCARTA_CELLCYCLE_PATHWAY","BIOCARTA_FBW7_PATHWAY",0.628404481579105
"BIOCARTA_CFTR_PATHWAY","BIOCARTA_PLCE_PATHWAY",0.61175459696297
"BIOCARTA_CFTR_PATHWAY","BIOCARTA_CHREBP_PATHWAY",0.472717469039007
"BIOCARTA_CFTR_PATHWAY","BIOCARTA_MCALPAIN_PATHWAY",0.440235087671713
"BIOCARTA_CFTR_PATHWAY","BIOCARTA_GATA3_PATHWAY",0.41980039550675
"BIOCARTA_CFTR_PATHWAY","BIOCARTA_CK1_PATHWAY",0.396187265010034
"BIOCARTA_CYTOKINE_PATHWAY","BIOCARTA_INFLAM_PATHWAY",0.83580528556712
"BIOCARTA_CYTOKINE_PATHWAY","BIOCARTA_DC_PATHWAY",0.760900371867669
"BIOCARTA_CYTOKINE_PATHWAY","BIOCARTA_STEM_PATHWAY",0.721231032949233
"BIOCARTA_CYTOKINE_PATHWAY","BIOCARTA_IL5_PATHWAY",0.709203255136026
"BIOCARTA_CYTOKINE_PATHWAY","BIOCARTA_NKT_PATHWAY",0.707735314855381
"BIOCARTA_INFLAM_PATHWAY","BIOCARTA_CYTOKINE_PATHWAY",0.83580528556712
"BIOCARTA_INFLAM_PATHWAY","BIOCARTA_STEM_PATHWAY",0.828402230936927
"BIOCARTA_INFLAM_PATHWAY","BIOCARTA_LAIR_PATHWAY",0.756971491828996
"BIOCARTA_INFLAM_PATHWAY","BIOCARTA_ERYTH_PATHWAY",0.737718060478603
"BIOCARTA_INFLAM_PATHWAY","BIOCARTA_IL5_PATHWAY",0.727732844885743
"BIOCARTA_D4GDI_PATHWAY","BIOCARTA_CASPASE_PATHWAY",0.766814144449376
"BIOCARTA_D4GDI_PATHWAY","BIOCARTA_DEATH_PATHWAY",0.571092896479614
"BIOCARTA_D4GDI_PATHWAY","BIOCARTA_MITOCHONDRIA_PATHWAY",0.519536875643394
"BIOCARTA_D4GDI_PATHWAY","BIOCARTA_CTL_PATHWAY",0.515138143208167
"BIOCARTA_D4GDI_PATHWAY","BIOCARTA_PCAF_PATHWAY",0.514678398958333
"BIOCARTA_DC_PATHWAY","BIOCARTA_NKT_PATHWAY",0.77421228689578
"BIOCARTA_DC_PATHWAY","BIOCARTA_CYTOKINE_PATHWAY",0.760900371867669
"BIOCARTA_DC_PATHWAY","BIOCARTA_ASBCELL_PATHWAY",0.732602349253186
"BIOCARTA_DC_PATHWAY","BIOCARTA_TH1TH2_PATHWAY",0.720233344996228
"BIOCARTA_DC_PATHWAY","BIOCARTA_IL5_PATHWAY",0.711641406222335
"BIOCARTA_P35ALZHEIMERS_PATHWAY","BIOCARTA_UCALPAIN_PATHWAY",0.531738803994847
"BIOCARTA_P35ALZHEIMERS_PATHWAY","BIOCARTA_MCALPAIN_PATHWAY",0.506509494485506
"BIOCARTA_P35ALZHEIMERS_PATHWAY","BIOCARTA_CDK5_PATHWAY",0.487145209892538
"BIOCARTA_P35ALZHEIMERS_PATHWAY","BIOCARTA_AGR_PATHWAY",0.420942552925029
"BIOCARTA_P35ALZHEIMERS_PATHWAY","BIOCARTA_PTDINS_PATHWAY",0.412677765013785
"BIOCARTA_RNA_PATHWAY","BIOCARTA_TNFR2_PATHWAY",0.664764120943907
"BIOCARTA_RNA_PATHWAY","BIOCARTA_CD40_PATHWAY",0.661116947246218
"BIOCARTA_RNA_PATHWAY","BIOCARTA_NFKB_PATHWAY",0.640338896911789
"BIOCARTA_RNA_PATHWAY","BIOCARTA_RELA_PATHWAY",0.628728781732894
"BIOCARTA_RNA_PATHWAY","BIOCARTA_STRESS_PATHWAY",0.615130010963669
"BIOCARTA_SKP2E2F_PATHWAY","BIOCARTA_FBW7_PATHWAY",0.905965043292718
"BIOCARTA_SKP2E2F_PATHWAY","BIOCARTA_P27_PATHWAY",0.862344913754937
"BIOCARTA_SKP2E2F_PATHWAY","BIOCARTA_CELLCYCLE_PATHWAY",0.681472833119159
"BIOCARTA_SKP2E2F_PATHWAY","BIOCARTA_MCM_PATHWAY",0.671274274365401
"BIOCARTA_SKP2E2F_PATHWAY","BIOCARTA_RB_PATHWAY",0.667801083360688
"BIOCARTA_CALCINEURIN_PATHWAY","BIOCARTA_GPCR_PATHWAY",0.773010126334669
"BIOCARTA_CALCINEURIN_PATHWAY","BIOCARTA_HDAC_PATHWAY",0.741334533485961
"BIOCARTA_CALCINEURIN_PATHWAY","BIOCARTA_TCR_PATHWAY",0.688450322297044
"BIOCARTA_CALCINEURIN_PATHWAY","BIOCARTA_BCR_PATHWAY",0.687981420471133
"BIOCARTA_CALCINEURIN_PATHWAY","BIOCARTA_NFAT_PATHWAY",0.675632909100654
"BIOCARTA_EGF_PATHWAY","BIOCARTA_PDGF_PATHWAY",0.958197442585149
"BIOCARTA_EGF_PATHWAY","BIOCARTA_TPO_PATHWAY",0.83675672749197
"BIOCARTA_EGF_PATHWAY","BIOCARTA_IGF1_PATHWAY",0.812102291076103
"BIOCARTA_EGF_PATHWAY","BIOCARTA_IL6_PATHWAY",0.788833249147012
"BIOCARTA_EGF_PATHWAY","BIOCARTA_MET_PATHWAY",0.755210131637765
"BIOCARTA_ETC_PATHWAY","BIOCARTA_KREB_PATHWAY",0.572362324268118
"BIOCARTA_ETC_PATHWAY","BIOCARTA_AHSP_PATHWAY",0.50846564537769
"BIOCARTA_ETC_PATHWAY","BIOCARTA_MALATEX_PATHWAY",0.506464431847225
"BIOCARTA_ETC_PATHWAY","BIOCARTA_PROTEASOME_PATHWAY",0.417450697302676
"BIOCARTA_ETC_PATHWAY","BIOCARTA_SM_PATHWAY",0.384109381732973
"BIOCARTA_NDKDYNAMIN_PATHWAY","BIOCARTA_GPCR_PATHWAY",0.614632317727465
"BIOCARTA_NDKDYNAMIN_PATHWAY","BIOCARTA_NFAT_PATHWAY",0.559087772100185
"BIOCARTA_NDKDYNAMIN_PATHWAY","BIOCARTA_CACAM_PATHWAY",0.557073672632281
"BIOCARTA_NDKDYNAMIN_PATHWAY","BIOCARTA_AT1R_PATHWAY",0.52813532395297
"BIOCARTA_NDKDYNAMIN_PATHWAY","BIOCARTA_ECM_PATHWAY",0.522435942841067
"BIOCARTA_EPHA4_PATHWAY","BIOCARTA_PLATELETAPP_PATHWAY",0.297950894990275
"BIOCARTA_EPHA4_PATHWAY","BIOCARTA_RECK_PATHWAY",0.296196883467686
"BIOCARTA_EPHA4_PATHWAY","BIOCARTA_NPP1_PATHWAY",0.279101362996214
"BIOCARTA_EPHA4_PATHWAY","BIOCARTA_AMI_PATHWAY",0.26684971226701
"BIOCARTA_EPHA4_PATHWAY","BIOCARTA_MCALPAIN_PATHWAY",0.265619085315409
"BIOCARTA_EPO_PATHWAY","BIOCARTA_TPO_PATHWAY",0.737781000484871
"BIOCARTA_EPO_PATHWAY","BIOCARTA_NGF_PATHWAY",0.732372641578919
"BIOCARTA_EPO_PATHWAY","BIOCARTA_INSULIN_PATHWAY",0.725364886125799
"BIOCARTA_EPO_PATHWAY","BIOCARTA_GLEEVEC_PATHWAY",0.710138261126102
"BIOCARTA_EPO_PATHWAY","BIOCARTA_IL2_PATHWAY",0.705171371030824
"BIOCARTA_ECM_PATHWAY","BIOCARTA_INTEGRIN_PATHWAY",0.718587583163848
"BIOCARTA_ECM_PATHWAY","BIOCARTA_PDGF_PATHWAY",0.651818764458516
"BIOCARTA_ECM_PATHWAY","BIOCARTA_MET_PATHWAY",0.634353115843715
"BIOCARTA_ECM_PATHWAY","BIOCARTA_RAS_PATHWAY",0.625372340868916
"BIOCARTA_ECM_PATHWAY","BIOCARTA_EGF_PATHWAY",0.619336137072636
"BIOCARTA_ERK_PATHWAY","BIOCARTA_INTEGRIN_PATHWAY",0.606171441899046
"BIOCARTA_ERK_PATHWAY","BIOCARTA_CDK5_PATHWAY",0.56572648697822
"BIOCARTA_ERK_PATHWAY","BIOCARTA_IL6_PATHWAY",0.561386023965767
"BIOCARTA_ERK_PATHWAY","BIOCARTA_MAPK_PATHWAY",0.558723223634957
"BIOCARTA_ERK_PATHWAY","BIOCARTA_NGF_PATHWAY",0.544393249150751
"BIOCARTA_ERYTH_PATHWAY","BIOCARTA_INFLAM_PATHWAY",0.737718060478603
"BIOCARTA_ERYTH_PATHWAY","BIOCARTA_STEM_PATHWAY",0.730275157202714
"BIOCARTA_ERYTH_PATHWAY","BIOCARTA_PLATELETAPP_PATHWAY",0.641484754709102
"BIOCARTA_ERYTH_PATHWAY","BIOCARTA_FIBRINOLYSIS_PATHWAY",0.602581414036239
"BIOCARTA_ERYTH_PATHWAY","BIOCARTA_LAIR_PATHWAY",0.593437146066762
"BIOCARTA_EPONFKB_PATHWAY","BIOCARTA_CD40_PATHWAY",0.503429893294664
"BIOCARTA_EPONFKB_PATHWAY","BIOCARTA_NTHI_PATHWAY",0.483189508111053
"BIOCARTA_EPONFKB_PATHWAY","BIOCARTA_TNFR2_PATHWAY",0.482805958605188
"BIOCARTA_EPONFKB_PATHWAY","BIOCARTA_41BB_PATHWAY",0.482779452972218
"BIOCARTA_EPONFKB_PATHWAY","BIOCARTA_RELA_PATHWAY",0.48134976181086
"BIOCARTA_EIF_PATHWAY","BIOCARTA_IRES_PATHWAY",0.74723005691631
"BIOCARTA_EIF_PATHWAY","BIOCARTA_VEGF_PATHWAY",0.664610967200333
"BIOCARTA_EIF_PATHWAY","BIOCARTA_EIF2_PATHWAY",0.637263139191707
"BIOCARTA_EIF_PATHWAY","BIOCARTA_IGF1MTOR_PATHWAY",0.619977781056771
"BIOCARTA_EIF_PATHWAY","BIOCARTA_MTOR_PATHWAY",0.605341422901687
"BIOCARTA_EXTRINSIC_PATHWAY","BIOCARTA_AMI_PATHWAY",0.795287300601996
"BIOCARTA_EXTRINSIC_PATHWAY","BIOCARTA_INTRINSIC_PATHWAY",0.785256253377041
"BIOCARTA_EXTRINSIC_PATHWAY","BIOCARTA_NUCLEARRS_PATHWAY",0.611989360828777
"BIOCARTA_EXTRINSIC_PATHWAY","BIOCARTA_FIBRINOLYSIS_PATHWAY",0.597583579277998
"BIOCARTA_EXTRINSIC_PATHWAY","BIOCARTA_FXR_PATHWAY",0.572707756996095
"BIOCARTA_FAS_PATHWAY","BIOCARTA_TNFR1_PATHWAY",0.772702708080307
"BIOCARTA_FAS_PATHWAY","BIOCARTA_HIVNEF_PATHWAY",0.717885086039775
"BIOCARTA_FAS_PATHWAY","BIOCARTA_CASPASE_PATHWAY",0.65063130270585
"BIOCARTA_FAS_PATHWAY","BIOCARTA_DEATH_PATHWAY",0.546358948307174
"BIOCARTA_FAS_PATHWAY","BIOCARTA_CHEMICAL_PATHWAY",0.538629501054904
"BIOCARTA_FCER1_PATHWAY","BIOCARTA_BCR_PATHWAY",0.886256231553967
"BIOCARTA_FCER1_PATHWAY","BIOCARTA_TCR_PATHWAY",0.841846916261758
"BIOCARTA_FCER1_PATHWAY","BIOCARTA_HDAC_PATHWAY",0.718703029363127
"BIOCARTA_FCER1_PATHWAY","BIOCARTA_GH_PATHWAY",0.708872070655186
"BIOCARTA_FCER1_PATHWAY","BIOCARTA_GLEEVEC_PATHWAY",0.685949217655934
"BIOCARTA_FIBRINOLYSIS_PATHWAY","BIOCARTA_AMI_PATHWAY",0.703023372118029
"BIOCARTA_FIBRINOLYSIS_PATHWAY","BIOCARTA_PLATELETAPP_PATHWAY",0.696178548348492
"BIOCARTA_FIBRINOLYSIS_PATHWAY","BIOCARTA_INFLAM_PATHWAY",0.622796258414601
"BIOCARTA_FIBRINOLYSIS_PATHWAY","BIOCARTA_LAIR_PATHWAY",0.621424327566482
"BIOCARTA_FIBRINOLYSIS_PATHWAY","BIOCARTA_STEM_PATHWAY",0.605941963130842
"BIOCARTA_FMLP_PATHWAY","BIOCARTA_BCR_PATHWAY",0.684338916277705
"BIOCARTA_FMLP_PATHWAY","BIOCARTA_TCR_PATHWAY",0.680463120445499
"BIOCARTA_FMLP_PATHWAY","BIOCARTA_FCER1_PATHWAY",0.617787335963248
"BIOCARTA_FMLP_PATHWAY","BIOCARTA_HCMV_PATHWAY",0.608188631454994
"BIOCARTA_FMLP_PATHWAY","BIOCARTA_RACCYCD_PATHWAY",0.542228214039071
"BIOCARTA_FREE_PATHWAY","BIOCARTA_PEPI_PATHWAY",0.532926033406929
"BIOCARTA_FREE_PATHWAY","BIOCARTA_SODD_PATHWAY",0.506083454306897
"BIOCARTA_FREE_PATHWAY","BIOCARTA_IL1R_PATHWAY",0.475993001906501
"BIOCARTA_FREE_PATHWAY","BIOCARTA_CYTOKINE_PATHWAY",0.456805194535548
"BIOCARTA_FREE_PATHWAY","BIOCARTA_TID_PATHWAY",0.453021007771615
"BIOCARTA_GATA3_PATHWAY","BIOCARTA_CSK_PATHWAY",0.537858000158476
"BIOCARTA_GATA3_PATHWAY","BIOCARTA_VIP_PATHWAY",0.499897365237547
"BIOCARTA_GATA3_PATHWAY","BIOCARTA_AGPCR_PATHWAY",0.462980943772075
"BIOCARTA_GATA3_PATHWAY","BIOCARTA_CFTR_PATHWAY",0.41980039550675
"BIOCARTA_GATA3_PATHWAY","BIOCARTA_STATHMIN_PATHWAY",0.360522683002134
"BIOCARTA_SET_PATHWAY","BIOCARTA_DNAFRAGMENT_PATHWAY",0.767974689536425
"BIOCARTA_SET_PATHWAY","BIOCARTA_VDR_PATHWAY",0.683763619682293
"BIOCARTA_SET_PATHWAY","BIOCARTA_CPSF_PATHWAY",0.65970073139848
"BIOCARTA_SET_PATHWAY","BIOCARTA_PRC2_PATHWAY",0.644982653174548
"BIOCARTA_SET_PATHWAY","BIOCARTA_BARD1_PATHWAY",0.613217744926687
"BIOCARTA_GH_PATHWAY","BIOCARTA_FCER1_PATHWAY",0.708872070655186
"BIOCARTA_GH_PATHWAY","BIOCARTA_TCR_PATHWAY",0.658988440233538
"BIOCARTA_GH_PATHWAY","BIOCARTA_HCMV_PATHWAY",0.647492721329673
"BIOCARTA_GH_PATHWAY","BIOCARTA_GLEEVEC_PATHWAY",0.647132474954171
"BIOCARTA_GH_PATHWAY","BIOCARTA_ERK5_PATHWAY",0.646727299350737
"BIOCARTA_AHSP_PATHWAY","BIOCARTA_ETC_PATHWAY",0.50846564537769
"BIOCARTA_AHSP_PATHWAY","BIOCARTA_SARS_PATHWAY",0.441509842081008
"BIOCARTA_AHSP_PATHWAY","BIOCARTA_SM_PATHWAY",0.295284255000537
"BIOCARTA_AHSP_PATHWAY","BIOCARTA_PROTEASOME_PATHWAY",0.269845196948045
"BIOCARTA_AHSP_PATHWAY","BIOCARTA_MALATEX_PATHWAY",0.254434037738647
"BIOCARTA_TCAPOPTOSIS_PATHWAY","BIOCARTA_THELPER_PATHWAY",0.79559144321118
"BIOCARTA_TCAPOPTOSIS_PATHWAY","BIOCARTA_CTL_PATHWAY",0.782004269337587
"BIOCARTA_TCAPOPTOSIS_PATHWAY","BIOCARTA_NO2IL12_PATHWAY",0.755649917708226
"BIOCARTA_TCAPOPTOSIS_PATHWAY","BIOCARTA_TCYTOTOXIC_PATHWAY",0.745366645087129
"BIOCARTA_TCAPOPTOSIS_PATHWAY","BIOCARTA_ASBCELL_PATHWAY",0.732148031406464
"BIOCARTA_HIVNEF_PATHWAY","BIOCARTA_DEATH_PATHWAY",0.767622147523011
"BIOCARTA_HIVNEF_PATHWAY","BIOCARTA_TNFR1_PATHWAY",0.721679743119386
"BIOCARTA_HIVNEF_PATHWAY","BIOCARTA_STRESS_PATHWAY",0.719136276183139
"BIOCARTA_HIVNEF_PATHWAY","BIOCARTA_CASPASE_PATHWAY",0.718859135316928
"BIOCARTA_HIVNEF_PATHWAY","BIOCARTA_FAS_PATHWAY",0.717885086039775
"BIOCARTA_SALMONELLA_PATHWAY","BIOCARTA_ACTINY_PATHWAY",0.71420923130356
"BIOCARTA_SALMONELLA_PATHWAY","BIOCARTA_CDC42RAC_PATHWAY",0.463714490420439
"BIOCARTA_SALMONELLA_PATHWAY","BIOCARTA_AGR_PATHWAY",0.442487367350628
"BIOCARTA_SALMONELLA_PATHWAY","BIOCARTA_MPR_PATHWAY",0.378069893123183
"BIOCARTA_SALMONELLA_PATHWAY","BIOCARTA_PDZS_PATHWAY",0.371550174852821
"BIOCARTA_MPR_PATHWAY","BIOCARTA_SAM68_PATHWAY",0.551079421138157
"BIOCARTA_MPR_PATHWAY","BIOCARTA_AKAP95_PATHWAY",0.546780544550517
"BIOCARTA_MPR_PATHWAY","BIOCARTA_IGF1R_PATHWAY",0.527667740835985
"BIOCARTA_MPR_PATHWAY","BIOCARTA_AKAPCENTROSOME_PATHWAY",0.510968322562079
"BIOCARTA_MPR_PATHWAY","BIOCARTA_P27_PATHWAY",0.474385516784385
"BIOCARTA_HCMV_PATHWAY","BIOCARTA_AKT_PATHWAY",0.686055367574118
"BIOCARTA_HCMV_PATHWAY","BIOCARTA_GH_PATHWAY",0.647492721329673
"BIOCARTA_HCMV_PATHWAY","BIOCARTA_RACCYCD_PATHWAY",0.645602445639771
"BIOCARTA_HCMV_PATHWAY","BIOCARTA_RAS_PATHWAY",0.641445873618407
"BIOCARTA_HCMV_PATHWAY","BIOCARTA_GLEEVEC_PATHWAY",0.634138100837839
"BIOCARTA_P53HYPOXIA_PATHWAY","BIOCARTA_PRION_PATHWAY",0.397434939781156
"BIOCARTA_P53HYPOXIA_PATHWAY","BIOCARTA_ECM_PATHWAY",0.380743062694186
"BIOCARTA_P53HYPOXIA_PATHWAY","BIOCARTA_INTEGRIN_PATHWAY",0.375586397033123
"BIOCARTA_P53HYPOXIA_PATHWAY","BIOCARTA_P53_PATHWAY",0.37209964116302
"BIOCARTA_P53HYPOXIA_PATHWAY","BIOCARTA_UCALPAIN_PATHWAY",0.356406988662798
"BIOCARTA_HIF_PATHWAY","BIOCARTA_CARDIACEGF_PATHWAY",0.4218195770367
"BIOCARTA_HIF_PATHWAY","BIOCARTA_EEA1_PATHWAY",0.380316300075266
"BIOCARTA_HIF_PATHWAY","BIOCARTA_SPRY_PATHWAY",0.369842779013671
"BIOCARTA_HIF_PATHWAY","BIOCARTA_ARENRF2_PATHWAY",0.36578603010962
"BIOCARTA_HIF_PATHWAY","BIOCARTA_AGR_PATHWAY",0.364187898256195
"BIOCARTA_IGF1_PATHWAY","BIOCARTA_INSULIN_PATHWAY",0.937495945676378
"BIOCARTA_IGF1_PATHWAY","BIOCARTA_PDGF_PATHWAY",0.824993746057745
"BIOCARTA_IGF1_PATHWAY","BIOCARTA_NGF_PATHWAY",0.823503269902817
"BIOCARTA_IGF1_PATHWAY","BIOCARTA_EGF_PATHWAY",0.812102291076103
"BIOCARTA_IGF1_PATHWAY","BIOCARTA_MET_PATHWAY",0.805655882148839
"BIOCARTA_IL17_PATHWAY","BIOCARTA_CYTOKINE_PATHWAY",0.683524738290421
"BIOCARTA_IL17_PATHWAY","BIOCARTA_STEM_PATHWAY",0.662859262909302
"BIOCARTA_IL17_PATHWAY","BIOCARTA_INFLAM_PATHWAY",0.631917011747068
"BIOCARTA_IL17_PATHWAY","BIOCARTA_LYM_PATHWAY",0.627526089773858
"BIOCARTA_IL17_PATHWAY","BIOCARTA_LAIR_PATHWAY",0.62661414368077
"BIOCARTA_IL2_PATHWAY","BIOCARTA_EPO_PATHWAY",0.705171371030824
"BIOCARTA_IL2_PATHWAY","BIOCARTA_IL2RB_PATHWAY",0.704978818128767
"BIOCARTA_IL2_PATHWAY","BIOCARTA_IL3_PATHWAY",0.679273552455004
"BIOCARTA_IL2_PATHWAY","BIOCARTA_GLEEVEC_PATHWAY",0.660684828243129
"BIOCARTA_IL2_PATHWAY","BIOCARTA_TCR_PATHWAY",0.637838693292496
"BIOCARTA_IL3_PATHWAY","BIOCARTA_IL2_PATHWAY",0.679273552455004
"BIOCARTA_IL3_PATHWAY","BIOCARTA_EPO_PATHWAY",0.622529632284236
"BIOCARTA_IL3_PATHWAY","BIOCARTA_GLEEVEC_PATHWAY",0.613178460910947
"BIOCARTA_IL3_PATHWAY","BIOCARTA_GH_PATHWAY",0.596925829780903
"BIOCARTA_IL3_PATHWAY","BIOCARTA_IL2RB_PATHWAY",0.585276514851083
"BIOCARTA_IL4_PATHWAY","BIOCARTA_IL2RB_PATHWAY",0.600043952034855
"BIOCARTA_IL4_PATHWAY","BIOCARTA_RELA_PATHWAY",0.515012414637407
"BIOCARTA_IL4_PATHWAY","BIOCARTA_NFKB_PATHWAY",0.505875114752463
"BIOCARTA_IL4_PATHWAY","BIOCARTA_NTHI_PATHWAY",0.46079990758568
"BIOCARTA_IL4_PATHWAY","BIOCARTA_CD40_PATHWAY",0.457088683394098
"BIOCARTA_IL5_PATHWAY","BIOCARTA_EOSINOPHILS_PATHWAY",0.879548819380877
"BIOCARTA_IL5_PATHWAY","BIOCARTA_ASBCELL_PATHWAY",0.818263315417801
"BIOCARTA_IL5_PATHWAY","BIOCARTA_BBCELL_PATHWAY",0.803840817993002
"BIOCARTA_IL5_PATHWAY","BIOCARTA_TH1TH2_PATHWAY",0.785698725808639
"BIOCARTA_IL5_PATHWAY","BIOCARTA_BLYMPHOCYTE_PATHWAY",0.745555005812085
"BIOCARTA_IL6_PATHWAY","BIOCARTA_EGF_PATHWAY",0.788833249147012
"BIOCARTA_IL6_PATHWAY","BIOCARTA_PDGF_PATHWAY",0.766170062118076
"BIOCARTA_IL6_PATHWAY","BIOCARTA_IGF1_PATHWAY",0.728009457494673
"BIOCARTA_IL6_PATHWAY","BIOCARTA_TPO_PATHWAY",0.67459350012871
"BIOCARTA_IL6_PATHWAY","BIOCARTA_MET_PATHWAY",0.668250491449917
"BIOCARTA_IL10_PATHWAY","BIOCARTA_INFLAM_PATHWAY",0.660469958029156
"BIOCARTA_IL10_PATHWAY","BIOCARTA_LAIR_PATHWAY",0.658258983594223
"BIOCARTA_IL10_PATHWAY","BIOCARTA_IL22BP_PATHWAY",0.605455696104449
"BIOCARTA_IL10_PATHWAY","BIOCARTA_IFNG_PATHWAY",0.59022411328214
"BIOCARTA_IL10_PATHWAY","BIOCARTA_CYTOKINE_PATHWAY",0.575447952557858
"BIOCARTA_IL12_PATHWAY","BIOCARTA_NO2IL12_PATHWAY",0.753605638601982
"BIOCARTA_IL12_PATHWAY","BIOCARTA_TCAPOPTOSIS_PATHWAY",0.630347506012652
"BIOCARTA_IL12_PATHWAY","BIOCARTA_CTL_PATHWAY",0.615421651581756
"BIOCARTA_IL12_PATHWAY","BIOCARTA_NKT_PATHWAY",0.590519558701825
"BIOCARTA_IL12_PATHWAY","BIOCARTA_TCYTOTOXIC_PATHWAY",0.572146409231073
"BIOCARTA_IL2RB_PATHWAY","BIOCARTA_IL2_PATHWAY",0.704978818128767
"BIOCARTA_IL2RB_PATHWAY","BIOCARTA_IL7_PATHWAY",0.694879545666604
"BIOCARTA_IL2RB_PATHWAY","BIOCARTA_GLEEVEC_PATHWAY",0.650180894162135
"BIOCARTA_IL2RB_PATHWAY","BIOCARTA_GH_PATHWAY",0.642987249927135
"BIOCARTA_IL2RB_PATHWAY","BIOCARTA_IL4_PATHWAY",0.600043952034855
"BIOCARTA_IL22BP_PATHWAY","BIOCARTA_STAT3_PATHWAY",0.703132545190808
"BIOCARTA_IL22BP_PATHWAY","BIOCARTA_IFNA_PATHWAY",0.647262835243026
"BIOCARTA_IL22BP_PATHWAY","BIOCARTA_IFNG_PATHWAY",0.618089357361874
"BIOCARTA_IL22BP_PATHWAY","BIOCARTA_IL10_PATHWAY",0.605455696104449
"BIOCARTA_IL22BP_PATHWAY","BIOCARTA_TPO_PATHWAY",0.559849496947463
"BIOCARTA_IL7_PATHWAY","BIOCARTA_IL2RB_PATHWAY",0.694879545666604
"BIOCARTA_IL7_PATHWAY","BIOCARTA_CTLA4_PATHWAY",0.580311818050386
"BIOCARTA_IL7_PATHWAY","BIOCARTA_PAR1_PATHWAY",0.562523156867
"BIOCARTA_IL7_PATHWAY","BIOCARTA_GH_PATHWAY",0.55778880255595
"BIOCARTA_IL7_PATHWAY","BIOCARTA_IL2_PATHWAY",0.555239375926973
"BIOCARTA_GSK3_PATHWAY","BIOCARTA_PTEN_PATHWAY",0.612083138678707
"BIOCARTA_GSK3_PATHWAY","BIOCARTA_RAS_PATHWAY",0.601483112994453
"BIOCARTA_GSK3_PATHWAY","BIOCARTA_PITX2_PATHWAY",0.590738661211176
"BIOCARTA_GSK3_PATHWAY","BIOCARTA_PS1_PATHWAY",0.585485006299623
"BIOCARTA_GSK3_PATHWAY","BIOCARTA_BCELLSURVIVAL_PATHWAY",0.569598364626209
"BIOCARTA_DEATH_PATHWAY","BIOCARTA_HIVNEF_PATHWAY",0.767622147523011
"BIOCARTA_DEATH_PATHWAY","BIOCARTA_SODD_PATHWAY",0.72322450682085
"BIOCARTA_DEATH_PATHWAY","BIOCARTA_CASPASE_PATHWAY",0.712434266306444
"BIOCARTA_DEATH_PATHWAY","BIOCARTA_STRESS_PATHWAY",0.697045449796363
"BIOCARTA_DEATH_PATHWAY","BIOCARTA_MITOCHONDRIA_PATHWAY",0.670700126908679
"BIOCARTA_RACCYCD_PATHWAY","BIOCARTA_HCMV_PATHWAY",0.645602445639771
"BIOCARTA_RACCYCD_PATHWAY","BIOCARTA_RAS_PATHWAY",0.643033230373676
"BIOCARTA_RACCYCD_PATHWAY","BIOCARTA_AKT_PATHWAY",0.614487171260034
"BIOCARTA_RACCYCD_PATHWAY","BIOCARTA_MAL_PATHWAY",0.611170582344007
"BIOCARTA_RACCYCD_PATHWAY","BIOCARTA_SAM68_PATHWAY",0.561219349209813
"BIOCARTA_GLEEVEC_PATHWAY","BIOCARTA_MET_PATHWAY",0.739640582057005
"BIOCARTA_GLEEVEC_PATHWAY","BIOCARTA_TPO_PATHWAY",0.719187860561631
"BIOCARTA_GLEEVEC_PATHWAY","BIOCARTA_EPO_PATHWAY",0.710138261126102
"BIOCARTA_GLEEVEC_PATHWAY","BIOCARTA_PDGF_PATHWAY",0.703981824994948
"BIOCARTA_GLEEVEC_PATHWAY","BIOCARTA_FCER1_PATHWAY",0.685949217655934
"BIOCARTA_INSULIN_PATHWAY","BIOCARTA_IGF1_PATHWAY",0.937495945676378
"BIOCARTA_INSULIN_PATHWAY","BIOCARTA_NGF_PATHWAY",0.80702778183354
"BIOCARTA_INSULIN_PATHWAY","BIOCARTA_MET_PATHWAY",0.776591209255969
"BIOCARTA_INSULIN_PATHWAY","BIOCARTA_PDGF_PATHWAY",0.768666116451576
"BIOCARTA_INSULIN_PATHWAY","BIOCARTA_EGF_PATHWAY",0.744096869999673
"BIOCARTA_INTEGRIN_PATHWAY","BIOCARTA_ECM_PATHWAY",0.718587583163848
"BIOCARTA_INTEGRIN_PATHWAY","BIOCARTA_PYK2_PATHWAY",0.679556321605606
"BIOCARTA_INTEGRIN_PATHWAY","BIOCARTA_MET_PATHWAY",0.675359649278105
"BIOCARTA_INTEGRIN_PATHWAY","BIOCARTA_EGF_PATHWAY",0.671182851359286
"BIOCARTA_INTEGRIN_PATHWAY","BIOCARTA_PDGF_PATHWAY",0.664068767256737
"BIOCARTA_INTRINSIC_PATHWAY","BIOCARTA_AMI_PATHWAY",0.914261249001073
"BIOCARTA_INTRINSIC_PATHWAY","BIOCARTA_ACE2_PATHWAY",0.789149235969237
"BIOCARTA_INTRINSIC_PATHWAY","BIOCARTA_EXTRINSIC_PATHWAY",0.785256253377041
"BIOCARTA_INTRINSIC_PATHWAY","BIOCARTA_PLATELETAPP_PATHWAY",0.7245679346671
"BIOCARTA_INTRINSIC_PATHWAY","BIOCARTA_NPP1_PATHWAY",0.713490060425736
"BIOCARTA_KERATINOCYTE_PATHWAY","BIOCARTA_STRESS_PATHWAY",0.696475221725596
"BIOCARTA_KERATINOCYTE_PATHWAY","BIOCARTA_DEATH_PATHWAY",0.63647735333293
"BIOCARTA_KERATINOCYTE_PATHWAY","BIOCARTA_NFKB_PATHWAY",0.623711336376669
"BIOCARTA_KERATINOCYTE_PATHWAY","BIOCARTA_IL1R_PATHWAY",0.620122685794564
"BIOCARTA_KERATINOCYTE_PATHWAY","BIOCARTA_SODD_PATHWAY",0.619435364026356
"BIOCARTA_TCRA_PATHWAY","BIOCARTA_CTLA4_PATHWAY",0.812813999370824
"BIOCARTA_TCRA_PATHWAY","BIOCARTA_CSK_PATHWAY",0.790001166844938
"BIOCARTA_TCRA_PATHWAY","BIOCARTA_ASBCELL_PATHWAY",0.768755389906472
"BIOCARTA_TCRA_PATHWAY","BIOCARTA_BLYMPHOCYTE_PATHWAY",0.747147153220525
"BIOCARTA_TCRA_PATHWAY","BIOCARTA_NO2IL12_PATHWAY",0.741093694744698
"BIOCARTA_LECTIN_PATHWAY","BIOCARTA_COMP_PATHWAY",0.892001854750581
"BIOCARTA_LECTIN_PATHWAY","BIOCARTA_CLASSIC_PATHWAY",0.851975598987798
"BIOCARTA_LECTIN_PATHWAY","BIOCARTA_ALTERNATIVE_PATHWAY",0.711355618582382
"BIOCARTA_LECTIN_PATHWAY","BIOCARTA_INTRINSIC_PATHWAY",0.512079212450007
"BIOCARTA_LECTIN_PATHWAY","BIOCARTA_LAIR_PATHWAY",0.510636354947353
"BIOCARTA_PYK2_PATHWAY","BIOCARTA_AT1R_PATHWAY",0.906881572741979
"BIOCARTA_PYK2_PATHWAY","BIOCARTA_BIOPEPTIDES_PATHWAY",0.750847580207219
"BIOCARTA_PYK2_PATHWAY","BIOCARTA_INTEGRIN_PATHWAY",0.679556321605606
"BIOCARTA_PYK2_PATHWAY","BIOCARTA_MET_PATHWAY",0.645698176141493
"BIOCARTA_PYK2_PATHWAY","BIOCARTA_CXCR4_PATHWAY",0.631288930533093
"BIOCARTA_MAPK_PATHWAY","BIOCARTA_P38MAPK_PATHWAY",0.717416511636618
"BIOCARTA_MAPK_PATHWAY","BIOCARTA_GLEEVEC_PATHWAY",0.684137146930658
"BIOCARTA_MAPK_PATHWAY","BIOCARTA_RAS_PATHWAY",0.647240015328391
"BIOCARTA_MAPK_PATHWAY","BIOCARTA_MET_PATHWAY",0.641509535809192
"BIOCARTA_MAPK_PATHWAY","BIOCARTA_HCMV_PATHWAY",0.623184247026454
"BIOCARTA_MCALPAIN_PATHWAY","BIOCARTA_UCALPAIN_PATHWAY",0.744915978088147
"BIOCARTA_MCALPAIN_PATHWAY","BIOCARTA_CARDIACEGF_PATHWAY",0.593435638312342
"BIOCARTA_MCALPAIN_PATHWAY","BIOCARTA_AGR_PATHWAY",0.583195416022943
"BIOCARTA_MCALPAIN_PATHWAY","BIOCARTA_ERBB3_PATHWAY",0.538409375116975
"BIOCARTA_MCALPAIN_PATHWAY","BIOCARTA_RECK_PATHWAY",0.52331664640744
"BIOCARTA_PPARA_PATHWAY","BIOCARTA_PPARG_PATHWAY",0.470257305751856
"BIOCARTA_PPARA_PATHWAY","BIOCARTA_PTEN_PATHWAY",0.453440457742233
"BIOCARTA_PPARA_PATHWAY","BIOCARTA_EGFR_SMRTE_PATHWAY",0.398608402673106
"BIOCARTA_PPARA_PATHWAY","BIOCARTA_HCMV_PATHWAY",0.39642393465007
"BIOCARTA_PPARA_PATHWAY","BIOCARTA_CREB_PATHWAY",0.392596761720422
"BIOCARTA_ETS_PATHWAY","BIOCARTA_NGF_PATHWAY",0.516389614024902
"BIOCARTA_ETS_PATHWAY","BIOCARTA_IGF1_PATHWAY",0.502712514578267
"BIOCARTA_ETS_PATHWAY","BIOCARTA_INSULIN_PATHWAY",0.46130807546466
"BIOCARTA_ETS_PATHWAY","BIOCARTA_HSWI_SNF_PATHWAY",0.418388691238783
"BIOCARTA_ETS_PATHWAY","BIOCARTA_EPO_PATHWAY",0.411355920763197
"BIOCARTA_MTOR_PATHWAY","BIOCARTA_EIF4_PATHWAY",0.869552444410798
"BIOCARTA_MTOR_PATHWAY","BIOCARTA_IGF1MTOR_PATHWAY",0.802461339701806
"BIOCARTA_MTOR_PATHWAY","BIOCARTA_IRES_PATHWAY",0.704781988943871
"BIOCARTA_MTOR_PATHWAY","BIOCARTA_VDR_PATHWAY",0.623200931585205
"BIOCARTA_MTOR_PATHWAY","BIOCARTA_ERK5_PATHWAY",0.6211167790045
"BIOCARTA_IGF1R_PATHWAY","BIOCARTA_CREB_PATHWAY",0.791950077656492
"BIOCARTA_IGF1R_PATHWAY","BIOCARTA_ERK5_PATHWAY",0.759502073130747
"BIOCARTA_IGF1R_PATHWAY","BIOCARTA_GPCR_PATHWAY",0.733718603318639
"BIOCARTA_IGF1R_PATHWAY","BIOCARTA_IGF1_PATHWAY",0.691887104527807
"BIOCARTA_IGF1R_PATHWAY","BIOCARTA_BAD_PATHWAY",0.676788794092253
"BIOCARTA_PITX2_PATHWAY","BIOCARTA_WNT_PATHWAY",0.728392004068908
"BIOCARTA_PITX2_PATHWAY","BIOCARTA_VDR_PATHWAY",0.677620736071741
"BIOCARTA_PITX2_PATHWAY","BIOCARTA_CARM_ER_PATHWAY",0.643621843732179
"BIOCARTA_PITX2_PATHWAY","BIOCARTA_PELP1_PATHWAY",0.624588237592444
"BIOCARTA_PITX2_PATHWAY","BIOCARTA_DICER_PATHWAY",0.602037334208991
"BIOCARTA_NGF_PATHWAY","BIOCARTA_IGF1_PATHWAY",0.823503269902817
"BIOCARTA_NGF_PATHWAY","BIOCARTA_INSULIN_PATHWAY",0.80702778183354
"BIOCARTA_NGF_PATHWAY","BIOCARTA_TRKA_PATHWAY",0.747888983703465
"BIOCARTA_NGF_PATHWAY","BIOCARTA_EPO_PATHWAY",0.732372641578919
"BIOCARTA_NGF_PATHWAY","BIOCARTA_PDGF_PATHWAY",0.730514985214357
"BIOCARTA_VIP_PATHWAY","BIOCARTA_TCR_PATHWAY",0.635493965188934
"BIOCARTA_VIP_PATHWAY","BIOCARTA_GPCR_PATHWAY",0.631320291386723
"BIOCARTA_VIP_PATHWAY","BIOCARTA_FCER1_PATHWAY",0.602745079270638
"BIOCARTA_VIP_PATHWAY","BIOCARTA_BCR_PATHWAY",0.595401531811258
"BIOCARTA_VIP_PATHWAY","BIOCARTA_CALCINEURIN_PATHWAY",0.586695265617448
"BIOCARTA_NFAT_PATHWAY","BIOCARTA_GPCR_PATHWAY",0.790505226848257
"BIOCARTA_NFAT_PATHWAY","BIOCARTA_HDAC_PATHWAY",0.695723137473881
"BIOCARTA_NFAT_PATHWAY","BIOCARTA_IGF1R_PATHWAY",0.676690512372209
"BIOCARTA_NFAT_PATHWAY","BIOCARTA_CALCINEURIN_PATHWAY",0.675632909100654
"BIOCARTA_NFAT_PATHWAY","BIOCARTA_ERK5_PATHWAY",0.606105010959945
"BIOCARTA_NTHI_PATHWAY","BIOCARTA_NFKB_PATHWAY",0.776164297161824
"BIOCARTA_NTHI_PATHWAY","BIOCARTA_IL1R_PATHWAY",0.741530546570657
"BIOCARTA_NTHI_PATHWAY","BIOCARTA_RELA_PATHWAY",0.729401674586469
"BIOCARTA_NTHI_PATHWAY","BIOCARTA_CD40_PATHWAY",0.72459034016221
"BIOCARTA_NTHI_PATHWAY","BIOCARTA_TNFR2_PATHWAY",0.710445462149108
"BIOCARTA_NFKB_PATHWAY","BIOCARTA_RELA_PATHWAY",0.890863857220317
"BIOCARTA_NFKB_PATHWAY","BIOCARTA_TNFR2_PATHWAY",0.830752023588945
"BIOCARTA_NFKB_PATHWAY","BIOCARTA_IL1R_PATHWAY",0.789992363882026
"BIOCARTA_NFKB_PATHWAY","BIOCARTA_NTHI_PATHWAY",0.776164297161824
"BIOCARTA_NFKB_PATHWAY","BIOCARTA_CD40_PATHWAY",0.7753982605485
"BIOCARTA_NOS1_PATHWAY","BIOCARTA_GPCR_PATHWAY",0.619490932880019
"BIOCARTA_NOS1_PATHWAY","BIOCARTA_AGPCR_PATHWAY",0.618255352744988
"BIOCARTA_NOS1_PATHWAY","BIOCARTA_NFAT_PATHWAY",0.525682527163772
"BIOCARTA_NOS1_PATHWAY","BIOCARTA_CK1_PATHWAY",0.518024793236321
"BIOCARTA_NOS1_PATHWAY","BIOCARTA_PGC1A_PATHWAY",0.509161136276142
"BIOCARTA_NO2IL12_PATHWAY","BIOCARTA_TCAPOPTOSIS_PATHWAY",0.755649917708226
"BIOCARTA_NO2IL12_PATHWAY","BIOCARTA_IL12_PATHWAY",0.753605638601982
"BIOCARTA_NO2IL12_PATHWAY","BIOCARTA_THELPER_PATHWAY",0.742730230303077
"BIOCARTA_NO2IL12_PATHWAY","BIOCARTA_TCRA_PATHWAY",0.741093694744698
"BIOCARTA_NO2IL12_PATHWAY","BIOCARTA_TCYTOTOXIC_PATHWAY",0.725066433670364
"BIOCARTA_ARENRF2_PATHWAY","BIOCARTA_CARDIACEGF_PATHWAY",0.437393223491368
"BIOCARTA_ARENRF2_PATHWAY","BIOCARTA_AGR_PATHWAY",0.426616806391489
"BIOCARTA_ARENRF2_PATHWAY","BIOCARTA_AT1R_PATHWAY",0.421390016325861
"BIOCARTA_ARENRF2_PATHWAY","BIOCARTA_PYK2_PATHWAY",0.412037049084168
"BIOCARTA_ARENRF2_PATHWAY","BIOCARTA_TSP1_PATHWAY",0.406124767697689
"BIOCARTA_P38MAPK_PATHWAY","BIOCARTA_MAPK_PATHWAY",0.717416511636618
"BIOCARTA_P38MAPK_PATHWAY","BIOCARTA_EGF_PATHWAY",0.556962920492556
"BIOCARTA_P38MAPK_PATHWAY","BIOCARTA_PDGF_PATHWAY",0.554526064622574
"BIOCARTA_P38MAPK_PATHWAY","BIOCARTA_GLEEVEC_PATHWAY",0.530905306226621
"BIOCARTA_P38MAPK_PATHWAY","BIOCARTA_RAS_PATHWAY",0.52091529491358
"BIOCARTA_P53_PATHWAY","BIOCARTA_G1_PATHWAY",0.586062183830132
"BIOCARTA_P53_PATHWAY","BIOCARTA_RACCYCD_PATHWAY",0.529965903270139
"BIOCARTA_P53_PATHWAY","BIOCARTA_FBW7_PATHWAY",0.526822052184015
"BIOCARTA_P53_PATHWAY","BIOCARTA_RB_PATHWAY",0.511793890125837
"BIOCARTA_P53_PATHWAY","BIOCARTA_ARF_PATHWAY",0.50872551931719
"BIOCARTA_PDGF_PATHWAY","BIOCARTA_EGF_PATHWAY",0.958197442585149
"BIOCARTA_PDGF_PATHWAY","BIOCARTA_TPO_PATHWAY",0.868272790541518
"BIOCARTA_PDGF_PATHWAY","BIOCARTA_IGF1_PATHWAY",0.824993746057745
"BIOCARTA_PDGF_PATHWAY","BIOCARTA_MET_PATHWAY",0.773880631707449
"BIOCARTA_PDGF_PATHWAY","BIOCARTA_INSULIN_PATHWAY",0.768666116451576
"BIOCARTA_CCR5_PATHWAY","BIOCARTA_BIOPEPTIDES_PATHWAY",0.494118792796709
"BIOCARTA_CCR5_PATHWAY","BIOCARTA_AT1R_PATHWAY",0.476423708995202
"BIOCARTA_CCR5_PATHWAY","BIOCARTA_PYK2_PATHWAY",0.464852994249992
"BIOCARTA_CCR5_PATHWAY","BIOCARTA_TSP1_PATHWAY",0.461107403352323
"BIOCARTA_CCR5_PATHWAY","BIOCARTA_CACAM_PATHWAY",0.453906836219114
"BIOCARTA_PTDINS_PATHWAY","BIOCARTA_PYK2_PATHWAY",0.586695417184498
"BIOCARTA_PTDINS_PATHWAY","BIOCARTA_PTEN_PATHWAY",0.578949761251726
"BIOCARTA_PTDINS_PATHWAY","BIOCARTA_GSK3_PATHWAY",0.560661444900793
"BIOCARTA_PTDINS_PATHWAY","BIOCARTA_AT1R_PATHWAY",0.557956369495257
"BIOCARTA_PTDINS_PATHWAY","BIOCARTA_INTEGRIN_PATHWAY",0.55437907124326
"BIOCARTA_PLCE_PATHWAY","BIOCARTA_CFTR_PATHWAY",0.61175459696297
"BIOCARTA_PLCE_PATHWAY","BIOCARTA_DREAM_PATHWAY",0.524723135561563
"BIOCARTA_PLCE_PATHWAY","BIOCARTA_MCALPAIN_PATHWAY",0.497844383343471
"BIOCARTA_PLCE_PATHWAY","BIOCARTA_AGPCR_PATHWAY",0.445095952595319
"BIOCARTA_PLCE_PATHWAY","BIOCARTA_AKAP13_PATHWAY",0.438864746345608
"BIOCARTA_EDG1_PATHWAY","BIOCARTA_CDC42RAC_PATHWAY",0.552161650119621
"BIOCARTA_EDG1_PATHWAY","BIOCARTA_ECM_PATHWAY",0.493155857676163
"BIOCARTA_EDG1_PATHWAY","BIOCARTA_RECK_PATHWAY",0.465044817049815
"BIOCARTA_EDG1_PATHWAY","BIOCARTA_TFF_PATHWAY",0.45960730632184
"BIOCARTA_EDG1_PATHWAY","BIOCARTA_INTEGRIN_PATHWAY",0.450176199746079
"BIOCARTA_CDK5_PATHWAY","BIOCARTA_NGF_PATHWAY",0.598520963401626
"BIOCARTA_CDK5_PATHWAY","BIOCARTA_ERK_PATHWAY",0.56572648697822
"BIOCARTA_CDK5_PATHWAY","BIOCARTA_P35ALZHEIMERS_PATHWAY",0.487145209892538
"BIOCARTA_CDK5_PATHWAY","BIOCARTA_INTEGRIN_PATHWAY",0.467823902091046
"BIOCARTA_CDK5_PATHWAY","BIOCARTA_PYK2_PATHWAY",0.44427068405767
"BIOCARTA_MYOSIN_PATHWAY","BIOCARTA_PAR1_PATHWAY",0.76537981676856
"BIOCARTA_MYOSIN_PATHWAY","BIOCARTA_CALCINEURIN_PATHWAY",0.589823172855202
"BIOCARTA_MYOSIN_PATHWAY","BIOCARTA_PLC_PATHWAY",0.565531817726808
"BIOCARTA_MYOSIN_PATHWAY","BIOCARTA_CREB_PATHWAY",0.536562023639447
"BIOCARTA_MYOSIN_PATHWAY","BIOCARTA_TRKA_PATHWAY",0.521485507883169
"BIOCARTA_PLATELETAPP_PATHWAY","BIOCARTA_NPP1_PATHWAY",0.850757687012562
"BIOCARTA_PLATELETAPP_PATHWAY","BIOCARTA_AMI_PATHWAY",0.826860152879247
"BIOCARTA_PLATELETAPP_PATHWAY","BIOCARTA_VITCB_PATHWAY",0.820387895932454
"BIOCARTA_PLATELETAPP_PATHWAY","BIOCARTA_ACE2_PATHWAY",0.783266897707102
"BIOCARTA_PLATELETAPP_PATHWAY","BIOCARTA_INTRINSIC_PATHWAY",0.7245679346671
"BIOCARTA_PS1_PATHWAY","BIOCARTA_NOTCH_PATHWAY",0.721663122425044
"BIOCARTA_PS1_PATHWAY","BIOCARTA_HES_PATHWAY",0.661224840983891
"BIOCARTA_PS1_PATHWAY","BIOCARTA_WNT_PATHWAY",0.653853717568076
"BIOCARTA_PS1_PATHWAY","BIOCARTA_PITX2_PATHWAY",0.586473681041026
"BIOCARTA_PS1_PATHWAY","BIOCARTA_GSK3_PATHWAY",0.585485006299623
"BIOCARTA_AKAPCENTROSOME_PATHWAY","BIOCARTA_AKAP95_PATHWAY",0.759043209994925
"BIOCARTA_AKAPCENTROSOME_PATHWAY","BIOCARTA_GPCR_PATHWAY",0.541633852784137
"BIOCARTA_AKAPCENTROSOME_PATHWAY","BIOCARTA_CREB_PATHWAY",0.52518344478893
"BIOCARTA_AKAPCENTROSOME_PATHWAY","BIOCARTA_AGPCR_PATHWAY",0.524365050100353
"BIOCARTA_AKAPCENTROSOME_PATHWAY","BIOCARTA_STATHMIN_PATHWAY",0.522337666206964
"BIOCARTA_PTEN_PATHWAY","BIOCARTA_MET_PATHWAY",0.66805471658079
"BIOCARTA_PTEN_PATHWAY","BIOCARTA_EGF_PATHWAY",0.666292876085078
"BIOCARTA_PTEN_PATHWAY","BIOCARTA_HER2_PATHWAY",0.645186210352671
"BIOCARTA_PTEN_PATHWAY","BIOCARTA_IGF1_PATHWAY",0.637588871176801
"BIOCARTA_PTEN_PATHWAY","BIOCARTA_INSULIN_PATHWAY",0.627239823229815
"BIOCARTA_RAB_PATHWAY","BIOCARTA_PTDINS_PATHWAY",0.410433304345091
"BIOCARTA_RAB_PATHWAY","BIOCARTA_P35ALZHEIMERS_PATHWAY",0.394295956407719
"BIOCARTA_RAB_PATHWAY","BIOCARTA_TFF_PATHWAY",0.392241062083313
"BIOCARTA_RAB_PATHWAY","BIOCARTA_AT1R_PATHWAY",0.38840376846293
"BIOCARTA_RAB_PATHWAY","BIOCARTA_CDC42RAC_PATHWAY",0.382949537539827
"BIOCARTA_RAC1_PATHWAY","BIOCARTA_CDC42RAC_PATHWAY",0.383686706157216
"BIOCARTA_RAC1_PATHWAY","BIOCARTA_MYOSIN_PATHWAY",0.351695268970004
"BIOCARTA_RAC1_PATHWAY","BIOCARTA_PAR1_PATHWAY",0.348642823945949
"BIOCARTA_RAC1_PATHWAY","BIOCARTA_MAPK_PATHWAY",0.347161146833785
"BIOCARTA_RAC1_PATHWAY","BIOCARTA_TCR_PATHWAY",0.324725577319588
"BIOCARTA_RAS_PATHWAY","BIOCARTA_AKT_PATHWAY",0.702013793655807
"BIOCARTA_RAS_PATHWAY","BIOCARTA_MAL_PATHWAY",0.685077408492156
"BIOCARTA_RAS_PATHWAY","BIOCARTA_MET_PATHWAY",0.661636702643122
"BIOCARTA_RAS_PATHWAY","BIOCARTA_GLEEVEC_PATHWAY",0.661403453311378
"BIOCARTA_RAS_PATHWAY","BIOCARTA_CXCR4_PATHWAY",0.648258772043116
"BIOCARTA_NKCELLS_PATHWAY","BIOCARTA_CTL_PATHWAY",0.581085309992545
"BIOCARTA_NKCELLS_PATHWAY","BIOCARTA_GRANULOCYTES_PATHWAY",0.531334352585938
"BIOCARTA_NKCELLS_PATHWAY","BIOCARTA_TH1TH2_PATHWAY",0.516392696867833
"BIOCARTA_NKCELLS_PATHWAY","BIOCARTA_SODD_PATHWAY",0.480690565604261
"BIOCARTA_NKCELLS_PATHWAY","BIOCARTA_KERATINOCYTE_PATHWAY",0.470246189962205
"BIOCARTA_RB_PATHWAY","BIOCARTA_CDC25_PATHWAY",0.9199584549674
"BIOCARTA_RB_PATHWAY","BIOCARTA_G2_PATHWAY",0.876627277116302
"BIOCARTA_RB_PATHWAY","BIOCARTA_ATRBRCA_PATHWAY",0.761584647155307
"BIOCARTA_RB_PATHWAY","BIOCARTA_PLK3_PATHWAY",0.738412612206843
"BIOCARTA_RB_PATHWAY","BIOCARTA_MCM_PATHWAY",0.724439277837634
"BIOCARTA_BAD_PATHWAY","BIOCARTA_CREB_PATHWAY",0.709270160767784
"BIOCARTA_BAD_PATHWAY","BIOCARTA_IGF1R_PATHWAY",0.676788794092253
"BIOCARTA_BAD_PATHWAY","BIOCARTA_ERK5_PATHWAY",0.599754658002196
"BIOCARTA_BAD_PATHWAY","BIOCARTA_HDAC_PATHWAY",0.592539376977382
"BIOCARTA_BAD_PATHWAY","BIOCARTA_GPCR_PATHWAY",0.564812649289499
"BIOCARTA_CK1_PATHWAY","BIOCARTA_AGPCR_PATHWAY",0.626757742616218
"BIOCARTA_CK1_PATHWAY","BIOCARTA_DREAM_PATHWAY",0.554504296486557
"BIOCARTA_CK1_PATHWAY","BIOCARTA_CHREBP_PATHWAY",0.527652645214524
"BIOCARTA_CK1_PATHWAY","BIOCARTA_NOS1_PATHWAY",0.518024793236321
"BIOCARTA_CK1_PATHWAY","BIOCARTA_AKAPCENTROSOME_PATHWAY",0.494750815942749
"BIOCARTA_EIF2_PATHWAY","BIOCARTA_EIF_PATHWAY",0.637263139191707
"BIOCARTA_EIF2_PATHWAY","BIOCARTA_IGF1MTOR_PATHWAY",0.62808165418785
"BIOCARTA_EIF2_PATHWAY","BIOCARTA_RNA_PATHWAY",0.522842792361616
"BIOCARTA_EIF2_PATHWAY","BIOCARTA_MAPK_PATHWAY",0.477046673614193
"BIOCARTA_EIF2_PATHWAY","BIOCARTA_MTOR_PATHWAY",0.450061133663314
"BIOCARTA_EIF4_PATHWAY","BIOCARTA_MTOR_PATHWAY",0.869552444410798
"BIOCARTA_EIF4_PATHWAY","BIOCARTA_IGF1MTOR_PATHWAY",0.77448747640183
"BIOCARTA_EIF4_PATHWAY","BIOCARTA_CREB_PATHWAY",0.69924638488132
"BIOCARTA_EIF4_PATHWAY","BIOCARTA_ERK5_PATHWAY",0.680171119289941
"BIOCARTA_EIF4_PATHWAY","BIOCARTA_INSULIN_PATHWAY",0.627805815839081
"BIOCARTA_STEM_PATHWAY","BIOCARTA_INFLAM_PATHWAY",0.828402230936927
"BIOCARTA_STEM_PATHWAY","BIOCARTA_ERYTH_PATHWAY",0.730275157202714
"BIOCARTA_STEM_PATHWAY","BIOCARTA_CYTOKINE_PATHWAY",0.721231032949233
"BIOCARTA_STEM_PATHWAY","BIOCARTA_IL17_PATHWAY",0.662859262909302
"BIOCARTA_STEM_PATHWAY","BIOCARTA_MSP_PATHWAY",0.617733417992432
"BIOCARTA_P27_PATHWAY","BIOCARTA_SKP2E2F_PATHWAY",0.862344913754937
"BIOCARTA_P27_PATHWAY","BIOCARTA_FBW7_PATHWAY",0.798873258074556
"BIOCARTA_P27_PATHWAY","BIOCARTA_MCM_PATHWAY",0.739033507683958
"BIOCARTA_P27_PATHWAY","BIOCARTA_CELLCYCLE_PATHWAY",0.702552668054811
"BIOCARTA_P27_PATHWAY","BIOCARTA_SM_PATHWAY",0.684413071412428
"BIOCARTA_PGC1A_PATHWAY","BIOCARTA_HDAC_PATHWAY",0.619187849028092
"BIOCARTA_PGC1A_PATHWAY","BIOCARTA_CACAM_PATHWAY",0.528486463484259
"BIOCARTA_PGC1A_PATHWAY","BIOCARTA_CALCINEURIN_PATHWAY",0.515971774797053
"BIOCARTA_PGC1A_PATHWAY","BIOCARTA_NOS1_PATHWAY",0.509161136276142
"BIOCARTA_PGC1A_PATHWAY","BIOCARTA_GPCR_PATHWAY",0.501839765714472
"BIOCARTA_PML_PATHWAY","BIOCARTA_TID_PATHWAY",0.521238987676356
"BIOCARTA_PML_PATHWAY","BIOCARTA_NFKB_PATHWAY",0.492170815775912
"BIOCARTA_PML_PATHWAY","BIOCARTA_RELA_PATHWAY",0.490996885858639
"BIOCARTA_PML_PATHWAY","BIOCARTA_NTHI_PATHWAY",0.474745348458773
"BIOCARTA_PML_PATHWAY","BIOCARTA_HIVNEF_PATHWAY",0.466486323553366
"BIOCARTA_DREAM_PATHWAY","BIOCARTA_CK1_PATHWAY",0.554504296486557
"BIOCARTA_DREAM_PATHWAY","BIOCARTA_GPCR_PATHWAY",0.551151148186781
"BIOCARTA_DREAM_PATHWAY","BIOCARTA_AGPCR_PATHWAY",0.544265480427227
"BIOCARTA_DREAM_PATHWAY","BIOCARTA_PLCE_PATHWAY",0.524723135561563
"BIOCARTA_DREAM_PATHWAY","BIOCARTA_SHH_PATHWAY",0.488069537818729
"BIOCARTA_LEPTIN_PATHWAY","BIOCARTA_CHREBP_PATHWAY",0.53252849948973
"BIOCARTA_LEPTIN_PATHWAY","BIOCARTA_ERBB3_PATHWAY",0.485067774235499
"BIOCARTA_LEPTIN_PATHWAY","BIOCARTA_AGR_PATHWAY",0.441363367209138
"BIOCARTA_LEPTIN_PATHWAY","BIOCARTA_EXTRINSIC_PATHWAY",0.400442127983723
"BIOCARTA_LEPTIN_PATHWAY","BIOCARTA_EEA1_PATHWAY",0.387219288664933
"BIOCARTA_RHO_PATHWAY","BIOCARTA_UCALPAIN_PATHWAY",0.606510436590175
"BIOCARTA_RHO_PATHWAY","BIOCARTA_ECM_PATHWAY",0.516218438850247
"BIOCARTA_RHO_PATHWAY","BIOCARTA_INTEGRIN_PATHWAY",0.505665155676618
"BIOCARTA_RHO_PATHWAY","BIOCARTA_MCALPAIN_PATHWAY",0.477220734504679
"BIOCARTA_RHO_PATHWAY","BIOCARTA_SPRY_PATHWAY",0.44324532240078
"BIOCARTA_AKAP13_PATHWAY","BIOCARTA_AKAPCENTROSOME_PATHWAY",0.464726667150088
"BIOCARTA_AKAP13_PATHWAY","BIOCARTA_PLCE_PATHWAY",0.438864746345608
"BIOCARTA_AKAP13_PATHWAY","BIOCARTA_AGPCR_PATHWAY",0.431110579668634
"BIOCARTA_AKAP13_PATHWAY","BIOCARTA_SHH_PATHWAY",0.381558867880167
"BIOCARTA_AKAP13_PATHWAY","BIOCARTA_DREAM_PATHWAY",0.378111756677813
"BIOCARTA_ATRBRCA_PATHWAY","BIOCARTA_BARD1_PATHWAY",0.878426916601024
"BIOCARTA_ATRBRCA_PATHWAY","BIOCARTA_MCM_PATHWAY",0.772913967002035
"BIOCARTA_ATRBRCA_PATHWAY","BIOCARTA_RB_PATHWAY",0.761584647155307
"BIOCARTA_ATRBRCA_PATHWAY","BIOCARTA_G2_PATHWAY",0.756105337862272
"BIOCARTA_ATRBRCA_PATHWAY","BIOCARTA_CDC25_PATHWAY",0.733509457003946
"BIOCARTA_CARDIACEGF_PATHWAY","BIOCARTA_PLATELETAPP_PATHWAY",0.63161533312598
"BIOCARTA_CARDIACEGF_PATHWAY","BIOCARTA_RECK_PATHWAY",0.626566740189559
"BIOCARTA_CARDIACEGF_PATHWAY","BIOCARTA_MCALPAIN_PATHWAY",0.593435638312342
"BIOCARTA_CARDIACEGF_PATHWAY","BIOCARTA_UCALPAIN_PATHWAY",0.584989244389129
"BIOCARTA_CARDIACEGF_PATHWAY","BIOCARTA_AGR_PATHWAY",0.582284108928058
"BIOCARTA_HER2_PATHWAY","BIOCARTA_IL6_PATHWAY",0.650373417987321
"BIOCARTA_HER2_PATHWAY","BIOCARTA_PTEN_PATHWAY",0.645186210352671
"BIOCARTA_HER2_PATHWAY","BIOCARTA_EGF_PATHWAY",0.609827962549712
"BIOCARTA_HER2_PATHWAY","BIOCARTA_MET_PATHWAY",0.595377565706162
"BIOCARTA_HER2_PATHWAY","BIOCARTA_INTEGRIN_PATHWAY",0.566653081102452
"BIOCARTA_ERK5_PATHWAY","BIOCARTA_CREB_PATHWAY",0.778188081694161
"BIOCARTA_ERK5_PATHWAY","BIOCARTA_TRKA_PATHWAY",0.760167835177872
"BIOCARTA_ERK5_PATHWAY","BIOCARTA_IGF1R_PATHWAY",0.759502073130747
"BIOCARTA_ERK5_PATHWAY","BIOCARTA_EIF4_PATHWAY",0.680171119289941
"BIOCARTA_ERK5_PATHWAY","BIOCARTA_FCER1_PATHWAY",0.666321215470036
"BIOCARTA_MAL_PATHWAY","BIOCARTA_RAS_PATHWAY",0.685077408492156
"BIOCARTA_MAL_PATHWAY","BIOCARTA_PYK2_PATHWAY",0.630665986837654
"BIOCARTA_MAL_PATHWAY","BIOCARTA_RACCYCD_PATHWAY",0.611170582344007
"BIOCARTA_MAL_PATHWAY","BIOCARTA_ECM_PATHWAY",0.605933488720627
"BIOCARTA_MAL_PATHWAY","BIOCARTA_MET_PATHWAY",0.600441859584149
"BIOCARTA_MEF2D_PATHWAY","BIOCARTA_CALCINEURIN_PATHWAY",0.642705097405537
"BIOCARTA_MEF2D_PATHWAY","BIOCARTA_HDAC_PATHWAY",0.63909472273097
"BIOCARTA_MEF2D_PATHWAY","BIOCARTA_BCR_PATHWAY",0.624746877754094
"BIOCARTA_MEF2D_PATHWAY","BIOCARTA_GPCR_PATHWAY",0.624742605593376
"BIOCARTA_MEF2D_PATHWAY","BIOCARTA_TCR_PATHWAY",0.57771358688827
"BIOCARTA_MITOCHONDRIA_PATHWAY","BIOCARTA_CASPASE_PATHWAY",0.739032867450747
"BIOCARTA_MITOCHONDRIA_PATHWAY","BIOCARTA_DEATH_PATHWAY",0.670700126908679
"BIOCARTA_MITOCHONDRIA_PATHWAY","BIOCARTA_HIVNEF_PATHWAY",0.643091884336176
"BIOCARTA_MITOCHONDRIA_PATHWAY","BIOCARTA_FAS_PATHWAY",0.521945268182331
"BIOCARTA_MITOCHONDRIA_PATHWAY","BIOCARTA_D4GDI_PATHWAY",0.519536875643394
"BIOCARTA_ACH_PATHWAY","BIOCARTA_IL2RB_PATHWAY",0.489112692594345
"BIOCARTA_ACH_PATHWAY","BIOCARTA_IL7_PATHWAY",0.4849144413395
"BIOCARTA_ACH_PATHWAY","BIOCARTA_AKT_PATHWAY",0.473174813401803
"BIOCARTA_ACH_PATHWAY","BIOCARTA_TCR_PATHWAY",0.384962481832182
"BIOCARTA_ACH_PATHWAY","BIOCARTA_CTLA4_PATHWAY",0.378201454692416
"BIOCARTA_PARKIN_PATHWAY","BIOCARTA_ACTINY_PATHWAY",0.41080965583499
"BIOCARTA_PARKIN_PATHWAY","BIOCARTA_SHH_PATHWAY",0.398565252377859
"BIOCARTA_PARKIN_PATHWAY","BIOCARTA_GABA_PATHWAY",0.391905339337123
"BIOCARTA_PARKIN_PATHWAY","BIOCARTA_TUBBY_PATHWAY",0.367211167589116
"BIOCARTA_PARKIN_PATHWAY","BIOCARTA_CK1_PATHWAY",0.360765804300121
"BIOCARTA_CDC42RAC_PATHWAY","BIOCARTA_EDG1_PATHWAY",0.552161650119621
"BIOCARTA_CDC42RAC_PATHWAY","BIOCARTA_AT1R_PATHWAY",0.542933737436569
"BIOCARTA_CDC42RAC_PATHWAY","BIOCARTA_RAS_PATHWAY",0.520132431790408
"BIOCARTA_CDC42RAC_PATHWAY","BIOCARTA_ECM_PATHWAY",0.51589547060017
"BIOCARTA_CDC42RAC_PATHWAY","BIOCARTA_PYK2_PATHWAY",0.513450380299157
"BIOCARTA_BARR_MAPK_PATHWAY","BIOCARTA_BARRESTIN_SRC_PATHWAY",0.943111027264283
"BIOCARTA_BARR_MAPK_PATHWAY","BIOCARTA_BARRESTIN_PATHWAY",0.777573822969573
"BIOCARTA_BARR_MAPK_PATHWAY","BIOCARTA_AMAN_PATHWAY",0.440449494931844
"BIOCARTA_BARR_MAPK_PATHWAY","BIOCARTA_HDAC_PATHWAY",0.427586757265551
"BIOCARTA_BARR_MAPK_PATHWAY","BIOCARTA_PELP1_PATHWAY",0.414139596052598
"BIOCARTA_TOB1_PATHWAY","BIOCARTA_INFLAM_PATHWAY",0.457277295589687
"BIOCARTA_TOB1_PATHWAY","BIOCARTA_NKT_PATHWAY",0.452689816472561
"BIOCARTA_TOB1_PATHWAY","BIOCARTA_TCAPOPTOSIS_PATHWAY",0.420951014977837
"BIOCARTA_TOB1_PATHWAY","BIOCARTA_ERYTH_PATHWAY",0.414581277667948
"BIOCARTA_TOB1_PATHWAY","BIOCARTA_IL17_PATHWAY",0.405019367091159
"BIOCARTA_BARRESTIN_SRC_PATHWAY","BIOCARTA_BARR_MAPK_PATHWAY",0.943111027264283
"BIOCARTA_BARRESTIN_SRC_PATHWAY","BIOCARTA_BARRESTIN_PATHWAY",0.71347161995217
"BIOCARTA_BARRESTIN_SRC_PATHWAY","BIOCARTA_HDAC_PATHWAY",0.445976414286579
"BIOCARTA_BARRESTIN_SRC_PATHWAY","BIOCARTA_FCER1_PATHWAY",0.439069140808504
"BIOCARTA_BARRESTIN_SRC_PATHWAY","BIOCARTA_GH_PATHWAY",0.431706820814868
"BIOCARTA_NKT_PATHWAY","BIOCARTA_TH1TH2_PATHWAY",0.801437375631888
"BIOCARTA_NKT_PATHWAY","BIOCARTA_DC_PATHWAY",0.77421228689578
"BIOCARTA_NKT_PATHWAY","BIOCARTA_GRANULOCYTES_PATHWAY",0.752922911212437
"BIOCARTA_NKT_PATHWAY","BIOCARTA_IL5_PATHWAY",0.734939616943703
"BIOCARTA_NKT_PATHWAY","BIOCARTA_CTL_PATHWAY",0.726642930994224
"BIOCARTA_IL1R_PATHWAY","BIOCARTA_NFKB_PATHWAY",0.789992363882026
"BIOCARTA_IL1R_PATHWAY","BIOCARTA_NTHI_PATHWAY",0.741530546570657
"BIOCARTA_IL1R_PATHWAY","BIOCARTA_TNFR2_PATHWAY",0.650305170680967
"BIOCARTA_IL1R_PATHWAY","BIOCARTA_SODD_PATHWAY",0.624345317993871
"BIOCARTA_IL1R_PATHWAY","BIOCARTA_RELA_PATHWAY",0.622667368686185
"BIOCARTA_MET_PATHWAY","BIOCARTA_IGF1_PATHWAY",0.805655882148839
"BIOCARTA_MET_PATHWAY","BIOCARTA_INSULIN_PATHWAY",0.776591209255969
"BIOCARTA_MET_PATHWAY","BIOCARTA_PDGF_PATHWAY",0.773880631707449
"BIOCARTA_MET_PATHWAY","BIOCARTA_EGF_PATHWAY",0.755210131637765
"BIOCARTA_MET_PATHWAY","BIOCARTA_GLEEVEC_PATHWAY",0.739640582057005
"BIOCARTA_GPCR_PATHWAY","BIOCARTA_NFAT_PATHWAY",0.790505226848257
"BIOCARTA_GPCR_PATHWAY","BIOCARTA_CALCINEURIN_PATHWAY",0.773010126334669
"BIOCARTA_GPCR_PATHWAY","BIOCARTA_IGF1R_PATHWAY",0.733718603318639
"BIOCARTA_GPCR_PATHWAY","BIOCARTA_HDAC_PATHWAY",0.67648111237808
"BIOCARTA_GPCR_PATHWAY","BIOCARTA_CREB_PATHWAY",0.666826638953567
"BIOCARTA_IGF1MTOR_PATHWAY","BIOCARTA_MTOR_PATHWAY",0.802461339701806
"BIOCARTA_IGF1MTOR_PATHWAY","BIOCARTA_EIF4_PATHWAY",0.77448747640183
"BIOCARTA_IGF1MTOR_PATHWAY","BIOCARTA_VEGF_PATHWAY",0.655290404872903
"BIOCARTA_IGF1MTOR_PATHWAY","BIOCARTA_CTCF_PATHWAY",0.632104315724174
"BIOCARTA_IGF1MTOR_PATHWAY","BIOCARTA_VDR_PATHWAY",0.630908363946466
"BIOCARTA_SODD_PATHWAY","BIOCARTA_NFKB_PATHWAY",0.727386959294993
"BIOCARTA_SODD_PATHWAY","BIOCARTA_DEATH_PATHWAY",0.72322450682085
"BIOCARTA_SODD_PATHWAY","BIOCARTA_TNFR2_PATHWAY",0.638450008371956
"BIOCARTA_SODD_PATHWAY","BIOCARTA_RELA_PATHWAY",0.635930359279485
"BIOCARTA_SODD_PATHWAY","BIOCARTA_IL1R_PATHWAY",0.624345317993871
"BIOCARTA_SHH_PATHWAY","BIOCARTA_CARM1_PATHWAY",0.60398477762052
"BIOCARTA_SHH_PATHWAY","BIOCARTA_AGPCR_PATHWAY",0.599219282541511
"BIOCARTA_SHH_PATHWAY","BIOCARTA_IGF1R_PATHWAY",0.500124188467861
"BIOCARTA_SHH_PATHWAY","BIOCARTA_CK1_PATHWAY",0.490160694831784
"BIOCARTA_SHH_PATHWAY","BIOCARTA_DREAM_PATHWAY",0.488069537818729
"BIOCARTA_PTC1_PATHWAY","BIOCARTA_CDC25_PATHWAY",0.659053608777742
"BIOCARTA_PTC1_PATHWAY","BIOCARTA_RB_PATHWAY",0.604403217231075
"BIOCARTA_PTC1_PATHWAY","BIOCARTA_CELLCYCLE_PATHWAY",0.598070478667727
"BIOCARTA_PTC1_PATHWAY","BIOCARTA_RANMS_PATHWAY",0.596067756701769
"BIOCARTA_PTC1_PATHWAY","BIOCARTA_G2_PATHWAY",0.59548405511441
"BIOCARTA_SPRY_PATHWAY","BIOCARTA_HER2_PATHWAY",0.556943652471447
"BIOCARTA_SPRY_PATHWAY","BIOCARTA_INTEGRIN_PATHWAY",0.556047106585259
"BIOCARTA_SPRY_PATHWAY","BIOCARTA_TFF_PATHWAY",0.555433499642387
"BIOCARTA_SPRY_PATHWAY","BIOCARTA_EGF_PATHWAY",0.544919252858018
"BIOCARTA_SPRY_PATHWAY","BIOCARTA_AGR_PATHWAY",0.543271844302326
"BIOCARTA_BARRESTIN_PATHWAY","BIOCARTA_BARR_MAPK_PATHWAY",0.777573822969573
"BIOCARTA_BARRESTIN_PATHWAY","BIOCARTA_BARRESTIN_SRC_PATHWAY",0.71347161995217
"BIOCARTA_BARRESTIN_PATHWAY","BIOCARTA_AMAN_PATHWAY",0.436143639665829
"BIOCARTA_BARRESTIN_PATHWAY","BIOCARTA_TUBBY_PATHWAY",0.413537660022202
"BIOCARTA_BARRESTIN_PATHWAY","BIOCARTA_PDZS_PATHWAY",0.380452764209615
"BIOCARTA_STATHMIN_PATHWAY","BIOCARTA_AKAP95_PATHWAY",0.528091889295058
"BIOCARTA_STATHMIN_PATHWAY","BIOCARTA_AKAPCENTROSOME_PATHWAY",0.522337666206964
"BIOCARTA_STATHMIN_PATHWAY","BIOCARTA_MPR_PATHWAY",0.455869799852367
"BIOCARTA_STATHMIN_PATHWAY","BIOCARTA_CDC25_PATHWAY",0.437773135345181
"BIOCARTA_STATHMIN_PATHWAY","BIOCARTA_G2_PATHWAY",0.422957342961883
"BIOCARTA_HSP27_PATHWAY","BIOCARTA_CTL_PATHWAY",0.402896983579994
"BIOCARTA_HSP27_PATHWAY","BIOCARTA_CHEMICAL_PATHWAY",0.40032531558041
"BIOCARTA_HSP27_PATHWAY","BIOCARTA_BBCELL_PATHWAY",0.397200972518217
"BIOCARTA_HSP27_PATHWAY","BIOCARTA_THELPER_PATHWAY",0.391642142181415
"BIOCARTA_HSP27_PATHWAY","BIOCARTA_IL2RB_PATHWAY",0.391333524770341
"BIOCARTA_TCR_PATHWAY","BIOCARTA_BCR_PATHWAY",0.857597734295111
"BIOCARTA_TCR_PATHWAY","BIOCARTA_FCER1_PATHWAY",0.841846916261758
"BIOCARTA_TCR_PATHWAY","BIOCARTA_CALCINEURIN_PATHWAY",0.688450322297044
"BIOCARTA_TCR_PATHWAY","BIOCARTA_FMLP_PATHWAY",0.680463120445499
"BIOCARTA_TCR_PATHWAY","BIOCARTA_GH_PATHWAY",0.658988440233538
"BIOCARTA_TCYTOTOXIC_PATHWAY","BIOCARTA_THELPER_PATHWAY",0.942415714982907
"BIOCARTA_TCYTOTOXIC_PATHWAY","BIOCARTA_CTL_PATHWAY",0.765438506177485
"BIOCARTA_TCYTOTOXIC_PATHWAY","BIOCARTA_TCAPOPTOSIS_PATHWAY",0.745366645087129
"BIOCARTA_TCYTOTOXIC_PATHWAY","BIOCARTA_NO2IL12_PATHWAY",0.725066433670364
"BIOCARTA_TCYTOTOXIC_PATHWAY","BIOCARTA_TCRA_PATHWAY",0.724908740934837
"BIOCARTA_THELPER_PATHWAY","BIOCARTA_TCYTOTOXIC_PATHWAY",0.942415714982907
"BIOCARTA_THELPER_PATHWAY","BIOCARTA_TCAPOPTOSIS_PATHWAY",0.79559144321118
"BIOCARTA_THELPER_PATHWAY","BIOCARTA_CTL_PATHWAY",0.790918305487857
"BIOCARTA_THELPER_PATHWAY","BIOCARTA_NO2IL12_PATHWAY",0.742730230303077
"BIOCARTA_THELPER_PATHWAY","BIOCARTA_TCRA_PATHWAY",0.739779004299956
"BIOCARTA_TALL1_PATHWAY","BIOCARTA_TNFR2_PATHWAY",0.683311802932149
"BIOCARTA_TALL1_PATHWAY","BIOCARTA_CD40_PATHWAY",0.680142840694999
"BIOCARTA_TALL1_PATHWAY","BIOCARTA_HIVNEF_PATHWAY",0.674728661943603
"BIOCARTA_TALL1_PATHWAY","BIOCARTA_41BB_PATHWAY",0.639064936198344
"BIOCARTA_TALL1_PATHWAY","BIOCARTA_STRESS_PATHWAY",0.63333527692907
"BIOCARTA_TGFB_PATHWAY","BIOCARTA_PTEN_PATHWAY",0.602202057624731
"BIOCARTA_TGFB_PATHWAY","BIOCARTA_EGF_PATHWAY",0.594719800522961
"BIOCARTA_TGFB_PATHWAY","BIOCARTA_IGF1_PATHWAY",0.591759185417927
"BIOCARTA_TGFB_PATHWAY","BIOCARTA_INTEGRIN_PATHWAY",0.587504454330877
"BIOCARTA_TGFB_PATHWAY","BIOCARTA_PDGF_PATHWAY",0.562179516989348
"BIOCARTA_TH1TH2_PATHWAY","BIOCARTA_BLYMPHOCYTE_PATHWAY",0.813734377748228
"BIOCARTA_TH1TH2_PATHWAY","BIOCARTA_ASBCELL_PATHWAY",0.803244954295388
"BIOCARTA_TH1TH2_PATHWAY","BIOCARTA_NKT_PATHWAY",0.801437375631888
"BIOCARTA_TH1TH2_PATHWAY","BIOCARTA_BBCELL_PATHWAY",0.793139583359498
"BIOCARTA_TH1TH2_PATHWAY","BIOCARTA_EOSINOPHILS_PATHWAY",0.787966062189287
"BIOCARTA_41BB_PATHWAY","BIOCARTA_STRESS_PATHWAY",0.733899734089448
"BIOCARTA_41BB_PATHWAY","BIOCARTA_TNFR2_PATHWAY",0.718243511134973
"BIOCARTA_41BB_PATHWAY","BIOCARTA_CD40_PATHWAY",0.658379467787276
"BIOCARTA_41BB_PATHWAY","BIOCARTA_TOLL_PATHWAY",0.647516117126668
"BIOCARTA_41BB_PATHWAY","BIOCARTA_HIVNEF_PATHWAY",0.643493536969058
"BIOCARTA_CTLA4_PATHWAY","BIOCARTA_TCRA_PATHWAY",0.812813999370824
"BIOCARTA_CTLA4_PATHWAY","BIOCARTA_CSK_PATHWAY",0.765129283111098
"BIOCARTA_CTLA4_PATHWAY","BIOCARTA_BLYMPHOCYTE_PATHWAY",0.728362080536729
"BIOCARTA_CTLA4_PATHWAY","BIOCARTA_ASBCELL_PATHWAY",0.680097193039097
"BIOCARTA_CTLA4_PATHWAY","BIOCARTA_TCYTOTOXIC_PATHWAY",0.649143847403076
"BIOCARTA_LONGEVITY_PATHWAY","BIOCARTA_IGF1R_PATHWAY",0.470662328532513
"BIOCARTA_LONGEVITY_PATHWAY","BIOCARTA_TRKA_PATHWAY",0.470342072199438
"BIOCARTA_LONGEVITY_PATHWAY","BIOCARTA_ERK5_PATHWAY",0.447747527331476
"BIOCARTA_LONGEVITY_PATHWAY","BIOCARTA_PTEN_PATHWAY",0.446181660930447
"BIOCARTA_LONGEVITY_PATHWAY","BIOCARTA_IGF1_PATHWAY",0.431982116935484
"BIOCARTA_PAR1_PATHWAY","BIOCARTA_MYOSIN_PATHWAY",0.76537981676856
"BIOCARTA_PAR1_PATHWAY","BIOCARTA_PLC_PATHWAY",0.717434386472391
"BIOCARTA_PAR1_PATHWAY","BIOCARTA_FCER1_PATHWAY",0.586262097247416
"BIOCARTA_PAR1_PATHWAY","BIOCARTA_HDAC_PATHWAY",0.582282247744871
"BIOCARTA_PAR1_PATHWAY","BIOCARTA_TCR_PATHWAY",0.579233672723357
"BIOCARTA_STRESS_PATHWAY","BIOCARTA_TOLL_PATHWAY",0.761136651333331
"BIOCARTA_STRESS_PATHWAY","BIOCARTA_41BB_PATHWAY",0.733899734089448
"BIOCARTA_STRESS_PATHWAY","BIOCARTA_TNFR2_PATHWAY",0.731969311194845
"BIOCARTA_STRESS_PATHWAY","BIOCARTA_HIVNEF_PATHWAY",0.719136276183139
"BIOCARTA_STRESS_PATHWAY","BIOCARTA_DEATH_PATHWAY",0.697045449796363
"BIOCARTA_TNFR1_PATHWAY","BIOCARTA_FAS_PATHWAY",0.772702708080307
"BIOCARTA_TNFR1_PATHWAY","BIOCARTA_HIVNEF_PATHWAY",0.721679743119386
"BIOCARTA_TNFR1_PATHWAY","BIOCARTA_STRESS_PATHWAY",0.582107850506539
"BIOCARTA_TNFR1_PATHWAY","BIOCARTA_CERAMIDE_PATHWAY",0.563975273341069
"BIOCARTA_TNFR1_PATHWAY","BIOCARTA_RACCYCD_PATHWAY",0.555040347510229
"BIOCARTA_TNFR2_PATHWAY","BIOCARTA_CD40_PATHWAY",0.857521309934502
"BIOCARTA_TNFR2_PATHWAY","BIOCARTA_NFKB_PATHWAY",0.830752023588945
"BIOCARTA_TNFR2_PATHWAY","BIOCARTA_RELA_PATHWAY",0.763408317937693
"BIOCARTA_TNFR2_PATHWAY","BIOCARTA_STRESS_PATHWAY",0.731969311194845
"BIOCARTA_TNFR2_PATHWAY","BIOCARTA_41BB_PATHWAY",0.718243511134973
"BIOCARTA_TOLL_PATHWAY","BIOCARTA_STRESS_PATHWAY",0.761136651333331
"BIOCARTA_TOLL_PATHWAY","BIOCARTA_RELA_PATHWAY",0.664905306081165
"BIOCARTA_TOLL_PATHWAY","BIOCARTA_NFKB_PATHWAY",0.658484859407047
"BIOCARTA_TOLL_PATHWAY","BIOCARTA_41BB_PATHWAY",0.647516117126668
"BIOCARTA_TOLL_PATHWAY","BIOCARTA_HIVNEF_PATHWAY",0.63948247856775
"BIOCARTA_TPO_PATHWAY","BIOCARTA_PDGF_PATHWAY",0.868272790541518
"BIOCARTA_TPO_PATHWAY","BIOCARTA_EGF_PATHWAY",0.83675672749197
"BIOCARTA_TPO_PATHWAY","BIOCARTA_EPO_PATHWAY",0.737781000484871
"BIOCARTA_TPO_PATHWAY","BIOCARTA_IGF1_PATHWAY",0.732861541310392
"BIOCARTA_TPO_PATHWAY","BIOCARTA_GLEEVEC_PATHWAY",0.719187860561631
"BIOCARTA_CREB_PATHWAY","BIOCARTA_IGF1R_PATHWAY",0.791950077656492
"BIOCARTA_CREB_PATHWAY","BIOCARTA_ERK5_PATHWAY",0.778188081694161
"BIOCARTA_CREB_PATHWAY","BIOCARTA_CARM1_PATHWAY",0.719376105572974
"BIOCARTA_CREB_PATHWAY","BIOCARTA_BAD_PATHWAY",0.709270160767784
"BIOCARTA_CREB_PATHWAY","BIOCARTA_EIF4_PATHWAY",0.69924638488132
"BIOCARTA_CARM1_PATHWAY","BIOCARTA_CREB_PATHWAY",0.719376105572974
"BIOCARTA_CARM1_PATHWAY","BIOCARTA_IGF1R_PATHWAY",0.675456749526027
"BIOCARTA_CARM1_PATHWAY","BIOCARTA_RARRXR_PATHWAY",0.674145077212827
"BIOCARTA_CARM1_PATHWAY","BIOCARTA_VDR_PATHWAY",0.625493059510355
"BIOCARTA_CARM1_PATHWAY","BIOCARTA_SHH_PATHWAY",0.60398477762052
"BIOCARTA_TFF_PATHWAY","BIOCARTA_PTEN_PATHWAY",0.596784713781633
"BIOCARTA_TFF_PATHWAY","BIOCARTA_SPRY_PATHWAY",0.555433499642387
"BIOCARTA_TFF_PATHWAY","BIOCARTA_HER2_PATHWAY",0.54043925132705
"BIOCARTA_TFF_PATHWAY","BIOCARTA_RAS_PATHWAY",0.505923425419065
"BIOCARTA_TFF_PATHWAY","BIOCARTA_PYK2_PATHWAY",0.505624769008473
"BIOCARTA_TRKA_PATHWAY","BIOCARTA_ERK5_PATHWAY",0.760167835177872
"BIOCARTA_TRKA_PATHWAY","BIOCARTA_NGF_PATHWAY",0.747888983703465
"BIOCARTA_TRKA_PATHWAY","BIOCARTA_IGF1R_PATHWAY",0.638276118244614
"BIOCARTA_TRKA_PATHWAY","BIOCARTA_TPO_PATHWAY",0.625395762156186
"BIOCARTA_TRKA_PATHWAY","BIOCARTA_GPCR_PATHWAY",0.621865027933793
"BIOCARTA_ARF_PATHWAY","BIOCARTA_VDR_PATHWAY",0.582015260211328
"BIOCARTA_ARF_PATHWAY","BIOCARTA_CTCF_PATHWAY",0.569607963714358
"BIOCARTA_ARF_PATHWAY","BIOCARTA_SET_PATHWAY",0.531279294270982
"BIOCARTA_ARF_PATHWAY","BIOCARTA_IGF1MTOR_PATHWAY",0.510738187457645
"BIOCARTA_ARF_PATHWAY","BIOCARTA_P53_PATHWAY",0.50872551931719
"BIOCARTA_UCALPAIN_PATHWAY","BIOCARTA_MCALPAIN_PATHWAY",0.744915978088147
"BIOCARTA_UCALPAIN_PATHWAY","BIOCARTA_AGR_PATHWAY",0.623467688703625
"BIOCARTA_UCALPAIN_PATHWAY","BIOCARTA_RHO_PATHWAY",0.606510436590175
"BIOCARTA_UCALPAIN_PATHWAY","BIOCARTA_CARDIACEGF_PATHWAY",0.584989244389129
"BIOCARTA_UCALPAIN_PATHWAY","BIOCARTA_INTEGRIN_PATHWAY",0.576255509862463
"BIOCARTA_VEGF_PATHWAY","BIOCARTA_EIF_PATHWAY",0.664610967200333
"BIOCARTA_VEGF_PATHWAY","BIOCARTA_IGF1MTOR_PATHWAY",0.655290404872903
"BIOCARTA_VEGF_PATHWAY","BIOCARTA_TRKA_PATHWAY",0.584568412602032
"BIOCARTA_VEGF_PATHWAY","BIOCARTA_HSWI_SNF_PATHWAY",0.569156509670475
"BIOCARTA_VEGF_PATHWAY","BIOCARTA_ERK5_PATHWAY",0.542881091060734
"BIOCARTA_VITCB_PATHWAY","BIOCARTA_NPP1_PATHWAY",0.823157326063015
"BIOCARTA_VITCB_PATHWAY","BIOCARTA_PLATELETAPP_PATHWAY",0.820387895932454
"BIOCARTA_VITCB_PATHWAY","BIOCARTA_ACE2_PATHWAY",0.700635218670536
"BIOCARTA_VITCB_PATHWAY","BIOCARTA_AMI_PATHWAY",0.694629391278578
"BIOCARTA_VITCB_PATHWAY","BIOCARTA_INTRINSIC_PATHWAY",0.615820331128134
"BIOCARTA_WNT_PATHWAY","BIOCARTA_PITX2_PATHWAY",0.728392004068908
"BIOCARTA_WNT_PATHWAY","BIOCARTA_PS1_PATHWAY",0.653853717568076
"BIOCARTA_WNT_PATHWAY","BIOCARTA_EIF4_PATHWAY",0.568266144013774
"BIOCARTA_WNT_PATHWAY","BIOCARTA_GSK3_PATHWAY",0.55316012283266
"BIOCARTA_WNT_PATHWAY","BIOCARTA_IGF1MTOR_PATHWAY",0.528374254489787
"BIOCARTA_ACTINY_PATHWAY","BIOCARTA_SALMONELLA_PATHWAY",0.71420923130356
"BIOCARTA_ACTINY_PATHWAY","BIOCARTA_AGR_PATHWAY",0.460797803788371
"BIOCARTA_ACTINY_PATHWAY","BIOCARTA_SHH_PATHWAY",0.442613505599859
"BIOCARTA_ACTINY_PATHWAY","BIOCARTA_ALK_PATHWAY",0.441164606250392
"BIOCARTA_ACTINY_PATHWAY","BIOCARTA_DREAM_PATHWAY",0.411750158171721
