"Drug_CID","INCHI_Key","SMILES_CAN","SMILES_ISO"
864,"AGBQKNBQESQNJD-UHFFFAOYSA-N","C1CSSC1CCCCC(=O)O","C1CSSC1CCCCC(=O)O"
1018,"SIOXPEMLGUPBBT-UHFFFAOYSA-N","C1=CC=NC(=C1)C(=O)O","C1=CC=NC(=C1)C(=O)O"
1401,"DXCUKNQANPLTEJ-UHFFFAOYSA-N","CCN(CC)CCCCNC1=NC2=NC(=C(C=C2C=N1)C3=CC(=CC(=C3)OC)OC)NC(=O)NC(C)(C)C","CCN(CC)CCCCNC1=NC2=NC(=C(C=C2C=N1)C3=CC(=CC(=C3)OC)OC)NC(=O)NC(C)(C)C"
2332,"PXXJHWLDUBFPOL-UHFFFAOYSA-N","C1=CC=C(C=C1)C(=N)N","C1=CC=C(C=C1)C(=N)N"
2375,"LKJPYSCBVHEWIU-UHFFFAOYSA-N","CC(CS(=O)(=O)C1=CC=C(C=C1)F)(C(=O)NC2=CC(=C(C=C2)C#N)C(F)(F)F)O","CC(CS(=O)(=O)C1=CC=C(C=C1)F)(C(=O)NC2=CC(=C(C=C2)C#N)C(F)(F)F)O"
2578,"DLGOEMSEDOSKAD-UHFFFAOYSA-N","C(CCl)NC(=O)N(CCCl)N=O","C(CCl)NC(=O)N(CCCl)N=O"
2907,"CMSMOCZEIVJLDB-UHFFFAOYSA-N","C1CNP(=O)(OC1)N(CCCl)CCCl","C1CNP(=O)(OC1)N(CCCl)CCCl"
3218,"IRSFLDGTOHBADP-UHFFFAOYSA-N","CCCCCCCCCCCC1=C(C(=O)C=C(C1=O)O)O","CCCCCCCCCCCC1=C(C(=O)C=C(C1=O)O)O"
3385,"GHASVSINZRGABV-UHFFFAOYSA-N","C1=C(C(=O)NC(=O)N1)F","C1=C(C(=O)NC(=O)N1)F"
3796,"YVCXQRVVNQMZEI-UHFFFAOYSA-N","COC1=C(C=C2C(=C1)C(=NC=N2)NC3=CC(=C(C(=C3)Br)O)Br)OC","COC1=C(C=C2C(=C1)C(=NC=N2)NC3=CC(=C(C(=C3)Br)O)Br)OC"
3899,"VHOGYURTWQBHIL-UHFFFAOYSA-N","CC1=C(C=NO1)C(=O)NC2=CC=C(C=C2)C(F)(F)F","CC1=C(C=NO1)C(=O)NC2=CC=C(C=C2)C(F)(F)F"
4212,"KKZJGLLVHKMTCM-UHFFFAOYSA-N","C1=CC(=C2C(=C1NCCNCCO)C(=O)C3=C(C=CC(=C3C2=O)O)O)NCCNCCO","C1=CC(=C2C(=C1NCCNCCO)C(=O)C3=C(C=CC(=C3C2=O)O)O)NCCNCCO"
4261,"INVTYAOGFAGBOE-UHFFFAOYSA-N","C1=CC=C(C(=C1)N)NC(=O)C2=CC=C(C=C2)CNC(=O)OCC3=CN=CC=C3","C1=CC=C(C(=C1)N)NC(=O)C2=CC=C(C=C2)CNC(=O)OCC3=CN=CC=C3"
4993,"WKSAUQYGYAYLPV-UHFFFAOYSA-N","CCC1=C(C(=NC(=N1)N)N)C2=CC=C(C=C2)Cl","CCC1=C(C(=NC(=N1)N)N)C2=CC=C(C=C2)Cl"
5208,"NEZONWMXZKDMKF-UHFFFAOYSA-N","CC(=CCC(C1=CC(=O)C2=C(C=CC(=C2C1=O)O)O)O)C","CC(=CCC(C1=CC(=O)C2=C(C=CC(=C2C1=O)O)O)O)C"
5291,"KTUFNOKKBVMGRW-UHFFFAOYSA-N","CC1=C(C=C(C=C1)NC(=O)C2=CC=C(C=C2)CN3CCN(CC3)C)NC4=NC=CC(=N4)C5=CN=CC=C5","CC1=C(C=C(C=C1)NC(=O)C2=CC=C(C=C2)CN3CCN(CC3)C)NC4=NC=CC(=N4)C5=CN=CC=C5"
5311,"WAEXFXRVDQXREF-UHFFFAOYSA-N","C1=CC=C(C=C1)NC(=O)CCCCCCC(=O)NO","C1=CC=C(C=C1)NC(=O)CCCCCCC(=O)NO"
5394,"BPEGJWRSRHCHSN-UHFFFAOYSA-N","CN1C(=O)N2C=NC(=C2N=N1)C(=O)N","CN1C(=O)N2C=NC(=C2N=N1)C(=O)N"
5746,"NWIBSHFKIJFRCO-WUDYKRTCSA-N","CC1=C(C(=O)C2=C(C1=O)N3CC4C(C3(C2COC(=O)N)OC)N4)N","CC1=C(C(=O)C2=C(C1=O)N3C[C@H]4[C@@H]([C@@]3([C@@H]2COC(=O)N)OC)N4)N"
5978,"OGWKCGZFUXNPDA-XQKSVPLYSA-N","CCC1(CC2CC(C3=C(CCN(C2)C1)C4=CC=CC=C4N3)(C5=C(C=C6C(=C5)C78CCN9C7C(C=CC9)(C(C(C8N6C=O)(C(=O)OC)O)OC(=O)C)CC)OC)C(=O)OC)O","CC[C@@]1(C[C@@H]2C[C@@](C3=C(CCN(C2)C1)C4=CC=CC=C4N3)(C5=C(C=C6C(=C5)[C@]78CCN9[C@H]7[C@@](C=CC9)([C@H]([C@@]([C@@H]8N6C=O)(C(=O)OC)O)OC(=O)C)CC)OC)C(=O)OC)O"
6253,"UHDGCWIWMRVCDJ-CCXZUQQUSA-N","C1=CN(C(=O)N=C1N)C2C(C(C(O2)CO)O)O","C1=CN(C(=O)N=C1N)[C@H]2[C@H]([C@@H]([C@H](O2)CO)O)O"
8249,"ICFJFFQQTFMIBG-UHFFFAOYSA-N","C1=CC=C(C=C1)CCN=C(N)N=C(N)N","C1=CC=C(C=C1)CCN=C(N)N=C(N)N"
8269,"PHPUXYRXPHEJDF-UHFFFAOYSA-N","CC(=O)OC1=CC=C(C=C1)C2(C3=CC=CC=C3NC2=O)C4=CC=C(C=C4)OC(=O)C","CC(=O)OC1=CC=C(C=C1)C2(C3=CC=CC=C3NC2=O)C4=CC=C(C=C4)OC(=O)C"
9444,"NMUSYJAQQFHJEW-KVTDHHQDSA-N","C1=NC(=NC(=O)N1C2C(C(C(O2)CO)O)O)N","C1=NC(=NC(=O)N1[C@H]2[C@@H]([C@@H]([C@H](O2)CO)O)O)N"
12035,"PWKSKIMOESPYIA-BYPYZUCNSA-N","CC(=O)NC(CS)C(=O)O","CC(=O)N[C@@H](CS)C(=O)O"
24360,"VSJKWCGYPAHWDS-FQEVSTJZSA-N","CCC1(C2=C(COC1=O)C(=O)N3CC4=CC5=CC=CC=C5N=C4C3=C2)O","CC[C@@]1(C2=C(COC1=O)C(=O)N3CC4=CC5=CC=CC=C5N=C4C3=C2)O"
31703,"AOJJSUZBOXZQNB-TZSSRYMLSA-N","CC1C(C(CC(O1)OC2CC(CC3=C2C(=C4C(=C3O)C(=O)C5=C(C4=O)C(=CC=C5)OC)O)(C(=O)CO)O)N)O","C[C@H]1[C@H]([C@H](C[C@@H](O1)O[C@H]2C[C@@](CC3=C2C(=C4C(=C3O)C(=O)C5=C(C4=O)C(=CC=C5)OC)O)(C(=O)CO)O)N)O"
36314,"RCINICONZNJXQF-MZXODVADSA-N","CC1=C2C(C(=O)C3(C(CC4C(C3C(C(C2(C)C)(CC1OC(=O)C(C(C5=CC=CC=C5)NC(=O)C6=CC=CC=C6)O)O)OC(=O)C7=CC=CC=C7)(CO4)OC(=O)C)O)C)OC(=O)C","CC1=C2[C@H](C(=O)[C@@]3([C@H](C[C@@H]4[C@]([C@H]3[C@@H]([C@@](C2(C)C)(C[C@@H]1OC(=O)[C@@H]([C@H](C5=CC=CC=C5)NC(=O)C6=CC=CC=C6)O)O)OC(=O)C7=CC=CC=C7)(CO4)OC(=O)C)O)C)OC(=O)C"
36462,"VJJPUSNTGOMMGY-MRVIYFEKSA-N","CC1OCC2C(O1)C(C(C(O2)OC3C4COC(=O)C4C(C5=CC6=C(C=C35)OCO6)C7=CC(=C(C(=C7)OC)O)OC)O)O","C[C@@H]1OC[C@@H]2[C@@H](O1)[C@@H]([C@H]([C@@H](O2)O[C@H]3[C@H]4COC(=O)[C@@H]4[C@@H](C5=CC6=C(C=C35)OCO6)C7=CC(=C(C(=C7)OC)O)OC)O)O"
41867,"AOJJSUZBOXZQNB-VTZDEGQISA-N","CC1C(C(CC(O1)OC2CC(CC3=C2C(=C4C(=C3O)C(=O)C5=C(C4=O)C(=CC=C5)OC)O)(C(=O)CO)O)N)O","C[C@H]1[C@@H]([C@H](C[C@@H](O1)O[C@H]2C[C@@](CC3=C2C(=C4C(=C3O)C(=O)C5=C(C4=O)C(=CC=C5)OC)O)(C(=O)CO)O)N)O"
42640,"MWFZDJLPWDCQIL-UHFFFAOYSA-N","CN1CCN(CC1)C2=CC=C(C3=NO[N+](=C23)[O-])[N+](=O)[O-]","CN1CCN(CC1)C2=CC=C(C3=NO[N+](=C23)[O-])[N+](=O)[O-]"
44259,"HKSZLNNOFSGOKW-FYTWVXJKSA-N","CC12C(C(CC(O1)N3C4=CC=CC=C4C5=C6C(=C7C8=CC=CC=C8N2C7=C53)CNC6=O)NC)OC","C[C@@]12[C@@H]([C@@H](C[C@@H](O1)N3C4=CC=CC=C4C5=C6C(=C7C8=CC=CC=C8N2C7=C53)CNC6=O)NC)OC"
60700,"UCFGDBYHRUNTLO-QHCPKHFHSA-N","CCC1(C2=C(COC1=O)C(=O)N3CC4=CC5=C(C=CC(=C5CN(C)C)O)N=C4C3=C2)O","CC[C@@]1(C2=C(COC1=O)C(=O)N3CC4=CC5=C(C=CC(=C5CN(C)C)O)N=C4C3=C2)O"
60750,"SDUQYLNIPVEERB-QPPQHZFASA-N","C1=CN(C(=O)N=C1N)C2C(C(C(O2)CO)O)(F)F","C1=CN(C(=O)N=C1N)[C@H]2C([C@@H]([C@H](O2)CO)O)(F)F"
60838,"UWKQSNNFCGGAFS-XIFFEERXSA-N","CCC1=C2CN3C(=CC4=C(C3=O)COC(=O)C4(CC)O)C2=NC5=C1C=C(C=C5)OC(=O)N6CCC(CC6)N7CCCCC7","CCC1=C2CN3C(=CC4=C(C3=O)COC(=O)[C@@]4(CC)O)C2=NC5=C1C=C(C=C5)OC(=O)N6CCC(CC6)N7CCCCC7"
65110,"NOTGFIUVDGNKRI-UUOKFMHZSA-N","C1=NC(=C(N1C2C(C(C(O2)COP(=O)(O)O)O)O)N)C(=O)N","C1=NC(=C(N1[C@H]2[C@@H]([C@@H]([C@H](O2)COP(=O)(O)O)O)O)N)C(=O)N"
68740,"XRASPMIURGNCCH-UHFFFAOYSA-N","C1=CN(C=N1)CC(O)(P(=O)(O)O)P(=O)(O)O","C1=CN(C=N1)CC(O)(P(=O)(O)O)P(=O)(O)O"
76044,"DLMYFMLKORXJPO-FQEVSTJZSA-N","C1=CC=C(C=C1)C(C2=CC=CC=C2)(C3=CC=CC=C3)SCC(C(=O)O)N","C1=CC=C(C=C1)C(C2=CC=CC=C2)(C3=CC=CC=C3)SC[C@@H](C(=O)O)N"
82146,"NAVMQTYZDKMPEU-UHFFFAOYSA-N","CC1=CC2=C(C=C1C(=C)C3=CC=C(C=C3)C(=O)O)C(CCC2(C)C)(C)C","CC1=CC2=C(C=C1C(=C)C3=CC=C(C=C3)C(=O)O)C(CCC2(C)C)(C)C"
87371,"FZHZQHNKCPJTNQ-UHFFFAOYSA-N","C1CNC(=O)C2=C1C3=CC=CC=C3N2","C1CNC(=O)C2=C1C3=CC=CC=C3N2"
104741,"VWUXBMIQPBEWFH-WCCTWKNTSA-N","CC12CCC3C(C1CCC2O)C(CC4=C3C=CC(=C4)O)CCCCCCCCCS(=O)CCCC(C(F)(F)F)(F)F","C[C@]12CC[C@H]3[C@H]([C@@H]1CC[C@@H]2O)[C@@H](CC4=C3C=CC(=C4)O)CCCCCCCCCS(=O)CCCC(C(F)(F)F)(F)F"
104842,"FJHBVJOVLFPMQE-QFIPXVFZSA-N","CCC1=C2CN3C(=CC4=C(C3=O)COC(=O)C4(CC)O)C2=NC5=C1C=C(C=C5)O","CCC1=C2CN3C(=CC4=C(C3=O)COC(=O)[C@@]4(CC)O)C2=NC5=C1C=C(C=C5)O"
107969,"SWZTYAVBMYWFGS-UHFFFAOYSA-N","CCCCCCCCC1=CC=C(C=C1)CCC(CO)(CO)N.Cl","CCCCCCCCC1=CC=C(C=C1)CCC(CO)(CO)N.Cl"
123631,"XGALLCVXEZPNRQ-UHFFFAOYSA-N","COC1=C(C=C2C(=C1)N=CN=C2NC3=CC(=C(C=C3)F)Cl)OCCCN4CCOCC4","COC1=C(C=C2C(=C1)N=CN=C2NC3=CC(=C(C=C3)F)Cl)OCCCN4CCOCC4"
124886,"RWSXRVCMGQZWBV-WDSKDSINSA-N","C(CC(=O)NC(CS)C(=O)NCC(=O)O)C(C(=O)O)N","C(CC(=O)N[C@@H](CS)C(=O)NCC(=O)O)[C@@H](C(=O)O)N"
126565,"UIARLYUEJFELEN-LROUJFHJSA-N","CC12C(CC(O1)N3C4=CC=CC=C4C5=C6C(=C7C8=CC=CC=C8N2C7=C53)CNC6=O)(CO)O","C[C@@]12[C@](C[C@@H](O1)N3C4=CC=CC=C4C5=C6C(=C7C8=CC=CC=C8N2C7=C53)CNC6=O)(CO)O"
126941,"FBOZXECLQNJBKD-ZDUSSCGKSA-N","CN(CC1=CN=C2C(=N1)C(=NC(=N2)N)N)C3=CC=C(C=C3)C(=O)NC(CCC(=O)O)C(=O)O","CN(CC1=CN=C2C(=N1)C(=NC(=N2)N)N)C3=CC=C(C=C3)C(=O)N[C@@H](CCC(=O)O)C(=O)O"
148124,"ZDZOTLJHXYCWBA-VCVYQWHSSA-N","CC1=C2C(C(=O)C3(C(CC4C(C3C(C(C2(C)C)(CC1OC(=O)C(C(C5=CC=CC=C5)NC(=O)OC(C)(C)C)O)O)OC(=O)C6=CC=CC=C6)(CO4)OC(=O)C)O)C)O","CC1=C2[C@H](C(=O)[C@@]3([C@H](C[C@@H]4[C@]([C@H]3[C@@H]([C@@](C2(C)C)(C[C@@H]1OC(=O)[C@@H]([C@H](C5=CC=CC=C5)NC(=O)OC(C)(C)C)O)O)OC(=O)C6=CC=CC=C6)(CO4)OC(=O)C)O)C)O"
156414,"OMZCMEYTWSXEPZ-UHFFFAOYSA-N","C=CC(=O)NC1=C(C=C2C(=C1)C(=NC=N2)NC3=CC(=C(C=C3)F)Cl)OCCCN4CCOCC4","C=CC(=O)NC1=C(C=C2C(=C1)C(=NC=N2)NC3=CC(=C(C=C3)F)Cl)OCCCN4CCOCC4"
156422,"MVCOAUNKQVWQHZ-UHFFFAOYSA-N","CC1=CC=C(C=C1)N2C(=CC(=N2)C(C)(C)C)NC(=O)NC3=CC=C(C4=CC=CC=C43)OCCN5CCOCC5","CC1=CC=C(C=C1)N2C(=CC(=N2)C(C)(C)C)NC(=O)NC3=CC=C(C4=CC=CC=C43)OCCN5CCOCC5"
159324,"PLHJCIYEEKOWNM-HHHXNRCGSA-N","CN1C=NC=C1C(C2=CC=C(C=C2)Cl)(C3=CC4=C(C=C3)N(C(=O)C=C4C5=CC(=CC=C5)Cl)C)N","CN1C=NC=C1[C@@](C2=CC=C(C=C2)Cl)(C3=CC4=C(C=C3)N(C(=O)C=C4C5=CC(=CC=C5)Cl)C)N"
160355,"BTIHMVBBUGXLCJ-OAHLLOKOSA-N","CCC(CO)NC1=NC(=C2C(=N1)N(C=N2)C(C)C)NCC3=CC=CC=C3","CC[C@H](CO)NC1=NC(=C2C(=N1)N(C=N2)C(C)C)NCC3=CC=CC=C3"
176158,"JCSGFHVFHSKIJH-UHFFFAOYSA-N","CN1C=C(C2=CC=CC=C21)C3=C(C(=O)NC3=O)C4=C(C=C(C=C4)Cl)Cl","CN1C=C(C2=CC=CC=C21)C3=C(C(=O)NC3=O)C4=C(C=C(C=C4)Cl)Cl"
176167,"AXRCEOKUDYDWLF-UHFFFAOYSA-N","CN1C=C(C2=CC=CC=C21)C3=C(C(=O)NC3=O)C4=CN(C5=CC=CC=C54)C6CCN(CC6)CC7=CC=CC=N7","CN1C=C(C2=CC=CC=C21)C3=C(C(=O)NC3=O)C4=CN(C5=CC=CC=C54)C6CCN(CC6)CC7=CC=CC=N7"
176870,"AAKJLRGGTJKAMG-UHFFFAOYSA-N","COCCOC1=C(C=C2C(=C1)C(=NC=N2)NC3=CC=CC(=C3)C#C)OCCOC","COCCOC1=C(C=C2C(=C1)C(=NC=N2)NC3=CC=CC(=C3)C#C)OCCOC"
208908,"BCFGMOOMADDAQU-UHFFFAOYSA-N","CS(=O)(=O)CCNCC1=CC=C(O1)C2=CC3=C(C=C2)N=CN=C3NC4=CC(=C(C=C4)OCC5=CC(=CC=C5)F)Cl","CS(=O)(=O)CCNCC1=CC=C(O1)C2=CC3=C(C=C2)N=CN=C3NC4=CC(=C(C=C4)OCC5=CC(=CC=C5)F)Cl"
216239,"MLDQJTXFUGDVEO-UHFFFAOYSA-N","CNC(=O)C1=NC=CC(=C1)OC2=CC=C(C=C2)NC(=O)NC3=CC(=C(C=C3)Cl)C(F)(F)F","CNC(=O)C1=NC=CC(=C1)OC2=CC=C(C=C2)NC(=O)NC3=CC(=C(C=C3)Cl)C(F)(F)F"
216326,"GOTYRUGSSMKFNF-UHFFFAOYSA-N","C1CC(=O)NC(=O)C1N2CC3=C(C2=O)C=CC=C3N","C1CC(=O)NC(=O)C1N2CC3=C(C2=O)C=CC=C3N"
227681,"YXEWPGYLMHXLPS-UHFFFAOYSA-N","CCC(=O)OCN1C(=O)C=CC1=O","CCC(=O)OCN1C(=O)C=CC1=O"
234820,"VNDCSULMOTZMNT-KSRYTWCQSA-N","COC1=CC(=CC(=C1OC)OC)C2C3C(COC3=O)C(C4=CC5=C(C=C24)OCO5)Br","COC1=CC(=CC(=C1OC)OC)[C@H]2[C@@H]3[C@H](COC3=O)C(C4=CC5=C(C=C24)OCO5)Br"
243725,"DTFARBHXORYQBF-HBGVWJBISA-N","CC(C)C1CC2=C(O1)C=CC3=C2OC4COC5=CC(=C(C=C5C4C3=O)OC)OC","CC(C)[C@H]1CC2=C(O1)C=CC3=C2O[C@@H]4COC5=CC(=C(C=C5[C@@H]4C3=O)OC)OC"
300471,"BKJIXTWSNXCKJH-UHFFFAOYSA-N","CN(C(=S)C1=CC=CC=C1)NC(=O)CC(=O)NN(C)C(=S)C2=CC=CC=C2","CN(C(=S)C1=CC=CC=C1)NC(=O)CC(=O)NN(C)C(=S)C2=CC=CC=C2"
353472,"LZHVHZJESCMXKN-UHFFFAOYSA-N","COC1=C(C(=C2C(=C1)C(=O)NC(N2)(NC(=O)OC)NC(=O)OC)OC)OC","COC1=C(C(=C2C(=C1)C(=O)NC(N2)(NC(=O)OC)NC(=O)OC)OC)OC"
387447,"GXJABQQUPOEUTA-RDJZCZTQSA-N","B(C(CC(C)C)NC(=O)C(CC1=CC=CC=C1)NC(=O)C2=NC=CN=C2)(O)O","B([C@H](CC(C)C)NC(=O)[C@H](CC1=CC=CC=C1)NC(=O)C2=NC=CN=C2)(O)O"
397888,"QCSDJDQOJBQTDV-UHFFFAOYSA-N","COC1=C(C=C2C(=C1)C3=C(C4=CC5=C(C=C4C3=O)OCO5)N(C2=O)CCCNCCO)OC","COC1=C(C=C2C(=C1)C3=C(C4=CC5=C(C=C4C3=O)OCO5)N(C2=O)CCCNCCO)OC"
442205,"HSTUUCOYVIWGLJ-DXUAHVLSSA-N","CC(=CC(=O)OC1CC2=CC(CC3(C(O3)C4C1C(=C)C(=O)O4)C)OC2=O)C","CC(=CC(=O)O[C@H]1CC2=C[C@@H](C[C@@]3([C@H](O3)[C@@H]4[C@@H]1C(=C)C(=O)O4)C)OC2=O)C"
442972,"QASFUMOKHFSJGL-LAFRSMQTSA-N","CC1CC2C(C(C3(O2)CCC4C5CC=C6CC(CCC6(C5CC4=C3C)C)O)C)NC1","C[C@H]1C[C@@H]2[C@H]([C@H]([C@]3(O2)CC[C@H]4[C@@H]5CC=C6C[C@H](CC[C@@]6([C@H]5CC4=C3C)C)O)C)NC1"
444732,"RTKIYFITIVXBLE-QEQCGCAPSA-N","CC(C=C(C)C=CC(=O)NO)C(=O)C1=CC=C(C=C1)N(C)C","C[C@H](/C=C(\C)/C=C/C(=O)NO)C(=O)C1=CC=C(C=C1)N(C)C"
444795,"SHGAZHPCJJPHSC-YCNIQYBTSA-N","CC1=C(C(CCC1)(C)C)C=CC(=CC=CC(=CC(=O)O)C)C","CC1=C(C(CCC1)(C)C)/C=C/C(=C/C=C/C(=C/C(=O)O)/C)/C"
446378,"IXFPJGBNCFXKPI-FSIHEZPISA-N","CCCCCCCC(=O)OC1C2C(=C(C1OC(=O)C(=CC)C)C)C3C(C(CC2(C)OC(=O)C)OC(=O)CCC)(C(C(=O)O3)(C)O)O","CCCCCCCC(=O)O[C@H]1[C@H]2C(=C([C@@H]1OC(=O)/C(=C\C)/C)C)[C@H]3[C@]([C@H](C[C@]2(C)OC(=O)C)OC(=O)CCC)([C@](C(=O)O3)(C)O)O"
446541,"HPNSFSBZBAHARI-RUDMXATFSA-N","CC1=C2COC(=O)C2=C(C(=C1OC)CC=C(C)CCC(=O)O)O","CC1=C2COC(=O)C2=C(C(=C1OC)C/C=C(\C)/CCC(=O)O)O"
447912,"SGIWFELWJPNFDH-UHFFFAOYSA-N","C1=CC=C(C=C1)S(=O)(=O)N(CC(F)(F)F)C2=CC=C(C=C2)C(C(F)(F)F)(C(F)(F)F)O","C1=CC=C(C=C1)S(=O)(=O)N(CC(F)(F)F)C2=CC=C(C=C2)C(C(F)(F)F)(C(F)(F)F)O"
448013,"QXRSDHAAWVKZLJ-PVYNADRNSA-N","CC1CCCC2(C(O2)CC(OC(=O)CC(C(C(=O)C(C1O)C)(C)C)O)C(=CC3=CSC(=N3)C)C)C","C[C@H]1CCC[C@@]2([C@@H](O2)C[C@H](OC(=O)C[C@@H](C(C(=O)[C@@H]([C@H]1O)C)(C)C)O)/C(=C/C3=CSC(=N3)C)/C)C"
452548,"NRUKOCRGYNPUPR-QBPJDGROSA-N","COC1=CC(=CC(=C1O)OC)C2C3C(COC3=O)C(C4=CC5=C(C=C24)OCO5)OC6C(C(C7C(O6)COC(O7)C8=CC=CS8)O)O","COC1=CC(=CC(=C1O)OC)[C@H]2[C@@H]3[C@H](COC3=O)[C@@H](C4=CC5=C(C=C24)OCO5)O[C@H]6[C@@H]([C@H]([C@H]7[C@H](O6)CO[C@H](O7)C8=CC=CS8)O)O"
457193,"RJURFGZVJUQBHK-IIXSONLDSA-N","CC1C(C(=O)NC(C(=O)N2CCCC2C(=O)N(CC(=O)N(C(C(=O)O1)C(C)C)C)C)C(C)C)NC(=O)C3=C4C(=C(C=C3)C)OC5=C(C(=O)C(=C(C5=N4)C(=O)NC6C(OC(=O)C(N(C(=O)CN(C(=O)C7CCCN7C(=O)C(NC6=O)C(C)C)C)C)C(C)C)C)N)C","C[C@@H]1[C@@H](C(=O)N[C@@H](C(=O)N2CCC[C@H]2C(=O)N(CC(=O)N([C@H](C(=O)O1)C(C)C)C)C)C(C)C)NC(=O)C3=C4C(=C(C=C3)C)OC5=C(C(=O)C(=C(C5=N4)C(=O)N[C@H]6[C@H](OC(=O)[C@@H](N(C(=O)CN(C(=O)[C@@H]7CCCN7C(=O)[C@H](NC6=O)C(C)C)C)C)C(C)C)C)N)C"
462382,"TZYWCYJVHRLUCT-VABKMULXSA-N","CC(C)CC(C=O)NC(=O)C(CC(C)C)NC(=O)C(CC(C)C)NC(=O)OCC1=CC=CC=C1","CC(C)C[C@@H](C=O)NC(=O)[C@H](CC(C)C)NC(=O)[C@H](CC(C)C)NC(=O)OCC1=CC=CC=C1"
521106,"RFAXLXKIAKIUDT-UHFFFAOYSA-N","C1=CC=C2C(=C1)C=CC(=C2SSC3=C(C=CC4=CC=CC=C43)O)O","C1=CC=C2C(=C1)C=CC(=C2SSC3=C(C=CC4=CC=CC=C43)O)O"
560326,"BNJOZDZCRHCODO-UHFFFAOYSA-N","COC(=O)CNC(=O)C(=O)OC","COC(=O)CNC(=O)C(=O)OC"
637858,"VABYUUZNAVQNPG-BQYQJAHWSA-N","COC1=CC(=CC(=C1OC)OC)C=CC(=O)N2CCC=CC2=O","COC1=CC(=CC(=C1OC)OC)/C=C/C(=O)N2CCC=CC2=O"
643462,"HSDZWMOBUPRZEU-LXYWBZBZSA-N","CC(=CCCC(=CCC1=C(C=C(C=C1O)C=CC2=CC3=C(C(=C2)O)OC4(CC(C(C(C4C3)(C)C)O)O)C)O)C)C","CC(=CCC/C(=C/CC1=C(C=C(C=C1O)/C=C/C2=CC3=C(C(=C2)O)O[C@@]4(C[C@H]([C@H](C([C@H]4C3)(C)C)O)O)C)O)/C)C"
644215,"IYNDTACKOAXKBJ-UHFFFAOYSA-N","C1=CC(=CC(=C1)Cl)NC2=NC=CC(=N2)C3=CC(=NC=C3)NCCCO","C1=CC(=CC(=C1)Cl)NC2=NC=CC(=N2)C3=CC(=NC=C3)NCCCO"
644241,"HHZIURLSWUIHRB-UHFFFAOYSA-N","CC1=C(C=C(C=C1)C(=O)NC2=CC(=CC(=C2)C(F)(F)F)N3C=C(N=C3)C)NC4=NC=CC(=N4)C5=CN=CC=C5","CC1=C(C=C(C=C1)C(=O)NC2=CC(=CC(=C2)C(F)(F)F)N3C=C(N=C3)C)NC4=NC=CC(=N4)C5=CN=CC=C5"
644243,"IKLGYJACVCXYIL-UHFFFAOYSA-N","CC1=CC=C(C=C1)C2=C(N(C3=NC=NC(=C23)N)CCCO)C(=O)CF","CC1=CC=C(C=C1)C2=C(N(C3=NC=NC(=C23)N)CCCO)C(=O)CF"
657237,"HBUBKKRHXORPQB-FJFJXFQQSA-N","C1=NC2=C(N=C(N=C2N1C3C(C(C(O3)CO)O)O)F)N","C1=NC2=C(N=C(N=C2N1[C@H]3[C@H]([C@@H]([C@H](O3)CO)O)O)F)N"
704473,"KATNUHQNJGNLPW-UHFFFAOYSA-N","CC1=CC(=CC=C1)NC2=NC(=CS2)C3=CC=NC=C3","CC1=CC(=CC=C1)NC2=NC(=CS2)C3=CC=NC=C3"
992586,"WUGANDSUVKXMEC-UHFFFAOYSA-N","C1=CC=C2C(=C1)C(=CC(=C2O)SCC(=O)O)NS(=O)(=O)C3=CC=C(C=C3)Br","C1=CC=C2C(=C1)C(=CC(=C2O)SCC(=O)O)NS(=O)(=O)C3=CC=C(C=C3)Br"
2130404,"SVENPFFEMUOOGK-SDNWHVSQSA-N","C1=CC2=C(C=CC=N2)C(=C1)NC(=O)C(=CC3=CC=C(O3)C4=C(C=CC(=C4)Cl)Cl)C#N","C1=CC2=C(C=CC=N2)C(=C1)NC(=O)/C(=C/C3=CC=C(O3)C4=C(C=CC(=C4)Cl)Cl)/C#N"
2155128,"WRKPZSMRWPJJDH-UHFFFAOYSA-N","CC1=CC2=C(C=C1)N=C(S2)NC(=O)CSC3=NC4=C(C(=O)N3C5=CC=CC=C5)SCC4","CC1=CC2=C(C=C1)N=C(S2)NC(=O)CSC3=NC4=C(C(=O)N3C5=CC=CC=C5)SCC4"
2314623,"KPFZCKDPBMGECB-WGDLNXRISA-N","C1CC(=CC2=CC=CS2)C(=O)C1=CC3=CC=CS3","C1/C(=C\C2=CC=CS2)/C(=O)/C(=C/C3=CC=CS3)/C1"
2733526,"NKANXQFJJICGDU-QPLCGJKRSA-N","CCC(=C(C1=CC=CC=C1)C2=CC=C(C=C2)OCCN(C)C)C3=CC=CC=C3","CC/C(=C(\C1=CC=CC=C1)/C2=CC=C(C=C2)OCCN(C)C)/C3=CC=CC=C3"
2802462,"PYTOHIUBXSJKQH-UHFFFAOYSA-N","CC(C)C1=CC=C(C=C1)C2=CC(=O)C3=CC=CC=C3O2","CC(C)C1=CC=C(C=C1)C2=CC(=O)C3=CC=CC=C3O2"
2984337,"RNUXIZKXJOGYQP-UHFFFAOYSA-N","COC1=CC=C(C=C1)N2C(=NN=C2SCCCN3C(=O)C4=CC=CC5=C4C(=CC=C5)C3=O)C6=CC=NC=C6","COC1=CC=C(C=C1)N2C(=NN=C2SCCCN3C(=O)C4=CC=CC5=C4C(=CC=C5)C3=O)C6=CC=NC=C6"
3005532,"GKFPROVOIQKYTO-UZLBHIALSA-N","COC(=O)C(CCSC)NC(=O)C1=C(C=C(C=C1)NCC(CS)N)C2=CC=CC=C2","COC(=O)[C@H](CCSC)NC(=O)C1=C(C=C(C=C1)NC[C@H](CS)N)C2=CC=CC=C2"
3011155,"IXOXBSCIXZEQEQ-UHTZMRCNSA-N","COC1=NC(=NC2=C1N=CN2C3C(C(C(O3)CO)O)O)N","COC1=NC(=NC2=C1N=CN2[C@H]3[C@H]([C@@H]([C@H](O3)CO)O)O)N"
3062316,"ZBNZXTGUTAYRHI-UHFFFAOYSA-N","CC1=C(C(=CC=C1)Cl)NC(=O)C2=CN=C(S2)NC3=CC(=NC(=N3)C)N4CCN(CC4)CCO","CC1=C(C(=CC=C1)Cl)NC(=O)C2=CN=C(S2)NC3=CC(=NC(=N3)C)N4CCN(CC4)CCO"
3101542,"WRLVHADVOGFZOZ-UHFFFAOYSA-N","CCOC1=CC=CC=C1N=NC2=C(NN(C2=O)C3=NC(=CS3)C4=CC=CC=C4)C","CCOC1=CC=CC=C1N=NC2=C(NN(C2=O)C3=NC(=CS3)C4=CC=CC=C4)C"
3372016,"MDJIPXYRSZHCFS-UHFFFAOYSA-N","C1=CC=C(C=C1)CC(=O)NC2=NN=C(S2)CCSCCC3=NN=C(S3)NC(=O)CC4=CC=CC=C4","C1=CC=C(C=C1)CC(=O)NC2=NN=C(S2)CCSCCC3=NN=C(S3)NC(=O)CC4=CC=CC=C4"
3463933,"AXNUEXXEQGQWPA-UHFFFAOYSA-N","CC1=C(C=CC(=C1)[N+](=O)[O-])NS(=O)(=O)C2=C(C=CC(=C2)Cl)Cl","CC1=C(C=CC(=C1)[N+](=O)[O-])NS(=O)(=O)C2=C(C=CC(=C2)Cl)Cl"
3827738,"NNPBSITXCGPXJC-UHFFFAOYSA-N","C1=CC(=CC=C1NC(=S)NNC2=C(C=C(C=C2[N+](=O)[O-])C(F)(F)F)[N+](=O)[O-])F","C1=CC(=CC=C1NC(=S)NNC2=C(C=C(C=C2[N+](=O)[O-])C(F)(F)F)[N+](=O)[O-])F"
4248455,"VCWLZDVWHQVAJU-UHFFFAOYSA-N","CCCCCCCCC1C(C(=C)C(=O)O1)C(=O)O","CCCCCCCCC1C(C(=C)C(=O)O1)C(=O)O"
4263900,"ZECXNJAZPVQZKR-UHFFFAOYSA-N","CC(C(=O)NC1=C(C=CC(=C1)[N+](=O)[O-])Cl)N2CCC3=CC(=C(C=C3C2)OC)OC","CC(C(=O)NC1=C(C=CC(=C1)[N+](=O)[O-])Cl)N2CCC3=CC(=C(C=C3C2)OC)OC"
5081913,"CHILCFMQWMQVAL-UHFFFAOYSA-N","C1=CC(=C(C=C1Cl)C(=O)NC2=CC(=CC(=C2)C(F)(F)F)C(F)(F)F)O","C1=CC(=C(C=C1Cl)C(=O)NC2=CC(=CC(=C2)C(F)(F)F)C(F)(F)F)O"
5113032,"FUZYTVDVLBBXDL-UHFFFAOYSA-N","C1CC(C2=C(C1)C3=C(N2)C=CC(=C3)Cl)C(=O)N","C1CC(C2=C(C1)C3=C(N2)C=CC(=C3)Cl)C(=O)N"
5278396,"XRKYMMUGXMWDAO-UHFFFAOYSA-N","C1COCCN1C2=CC(=O)C=C(O2)C3=C4C(=CC=C3)SC5=CC=CC=C5S4","C1COCCN1C2=CC(=O)C=C(O2)C3=C4C(=CC=C3)SC5=CC=CC=C5S4"
5280757,"MJQUEDHRCUIRLF-TVIXENOKSA-N","CCCC=CC=CC(=O)OC1C(=CC(=O)OC)CC2CC(OC(=O)CC(CC3CC(C(C(O3)(CC4CC(=CC(=O)OC)CC(O4)C=CC(C1(O2)O)(C)C)O)(C)C)OC(=O)C)O)C(C)O","CCC/C=C/C=C/C(=O)O[C@H]1/C(=C/C(=O)OC)/C[C@H]2C[C@@H](OC(=O)C[C@@H](C[C@@H]3C[C@@H](C([C@@](O3)(C[C@@H]4C/C(=C/C(=O)OC)/C[C@@H](O4)/C=C/C([C@@]1(O2)O)(C)C)O)(C)C)OC(=O)C)O)[C@@H](C)O"
5287969,"BIIVYFLTOXDAOV-YVEFUNNKSA-N","CN1CCC(C(C1)O)C2=C(C=C(C3=C2OC(=CC3=O)C4=CC=CC=C4Cl)O)O","CN1CC[C@@H]([C@@H](C1)O)C2=C(C=C(C3=C2OC(=CC3=O)C4=CC=CC=C4Cl)O)O"
5289247,"SQWZFLMPDUSYGV-POHAHGRESA-N","C1=CC2=NC=CN=C2C=C1C=C3C(=O)NC(=O)S3","C1=CC2=NC=CN=C2C=C1/C=C\3/C(=O)NC(=O)S3"
5310940,"OGAPHRMCCQCJOE-BNTLRKBRSA-N","C1CCC(C(C1)N)N.C(=O)(C(=O)O)O.[Pt]","C1CC[C@H]([C@@H](C1)N)N.C(=O)(C(=O)O)O.[Pt]"
5311497,"GBABOYUKABKIAF-IELIFDKJSA-N","CCC1=CC2CC(C3=C(CN(C2)C1)C4=CC=CC=C4N3)(C5=C(C=C6C(=C5)C78CCN9C7C(C=CC9)(C(C(C8N6C)(C(=O)OC)O)OC(=O)C)CC)OC)C(=O)OC","CCC1=C[C@H]2C[C@@](C3=C(CN(C2)C1)C4=CC=CC=C4N3)(C5=C(C=C6C(=C5)[C@]78CCN9[C@H]7[C@@](C=CC9)([C@H]([C@@]([C@@H]8N6C)(C(=O)OC)O)OC(=O)C)CC)OC)C(=O)OC"
5311510,"WEVYNIUIFUYDGI-UHFFFAOYSA-N","C1=CC(=CC(=C1)C(=O)N)C2=CC(=NC=N2)NC3=CC=C(C=C3)OC(F)(F)F","C1=CC(=CC(=C1)C(=O)N)C2=CC(=NC=N2)NC3=CC=C(C=C3)OC(F)(F)F"
5328940,"UBPYILGKFZZVDX-UHFFFAOYSA-N","CN1CCN(CC1)CCCOC2=C(C=C3C(=C2)N=CC(=C3NC4=CC(=C(C=C4Cl)Cl)OC)C#N)OC","CN1CCN(CC1)CCCOC2=C(C=C3C(=C2)N=CC(=C3NC4=CC(=C(C=C4Cl)Cl)OC)C#N)OC"
5329102,"WINHZLLDWRZWRT-ATVHPVEESA-N","CCN(CC)CCNC(=O)C1=C(NC(=C1C)C=C2C3=C(C=CC(=C3)F)NC2=O)C","CCN(CC)CCNC(=O)C1=C(NC(=C1C)/C=C\2/C3=C(C=CC(=C3)F)NC2=O)C"
5330286,"AHJRHEGDXFFMBM-UHFFFAOYSA-N","CC1=C(C(=O)N(C2=NC(=NC=C12)NC3=NC=C(C=C3)N4CCNCC4)C5CCCC5)C(=O)C","CC1=C(C(=O)N(C2=NC(=NC=C12)NC3=NC=C(C=C3)N4CCNCC4)C5CCCC5)C(=O)C"
5351307,"XDHBUMNIQRLHGO-UKTHLTGXSA-N","CC(=NNC(=S)N1CCC1)C2=CC=CC=N2","C/C(=N\NC(=S)N1CCC1)/C2=CC=CC=N2"
5352062,"OHRURASPPZQGQM-GCCNXGTGSA-N","CC=C1C(=O)NC(C(=O)OC2CC(=O)NC(C(=O)NC(CSSCCC=C2)C(=O)N1)C(C)C)C(C)C","C/C=C\1/C(=O)N[C@H](C(=O)O[C@H]\2CC(=O)N[C@@H](C(=O)N[C@H](CSSCC/C=C2)C(=O)N1)C(C)C)C(C)C"
5460769,"OYVAGSVQBOHSSS-UAPAGMARSA-O","CC1=C(N=C(N=C1N)C(CC(=O)N)NCC(C(=O)N)N)C(=O)NC(C(C2=CN=CN2)OC3C(C(C(C(O3)CO)O)O)OC4C(C(C(C(O4)CO)O)OC(=O)N)O)C(=O)NC(C)C(C(C)C(=O)NC(C(C)O)C(=O)NCCC5=NC(=CS5)C6=NC(=CS6)C(=O)NCCC[S+](C)C)O","CC1=C(N=C(N=C1N)[C@H](CC(=O)N)NC[C@@H](C(=O)N)N)C(=O)N[C@@H]([C@H](C2=CN=CN2)O[C@H]3[C@H]([C@H]([C@@H]([C@@H](O3)CO)O)O)O[C@@H]4[C@H]([C@H]([C@@H]([C@H](O4)CO)O)OC(=O)N)O)C(=O)N[C@H](C)[C@H]([C@H](C)C(=O)N[C@@H]([C@@H](C)O)C(=O)NCCC5=NC(=CS5)C6=NC(=CS6)C(=O)NCCC[S+](C)C)O"
5477029,"YKKJETNBRNDYKN-AWNIVKPZSA-N","CC1=CCCC(C2CC(CCC3(C(O3)CC1)C)C(=C)C(=O)O2)(C)O","C/C/1=C\CCC(C2CC(CCC3(C(O3)CC1)C)C(=C)C(=O)O2)(C)O"
5494449,"GCIKSSRWRFVXBI-UHFFFAOYSA-N","CC1=CC(=NN1)NC2=CC(=NC(=N2)SC3=CC=C(C=C3)NC(=O)C4CC4)N5CCN(CC5)C","CC1=CC(=NN1)NC2=CC(=NC(=N2)SC3=CC=C(C=C3)NC(=O)C4CC4)N5CCN(CC5)C"
5702198,"LXZZYRPGZAFOLE-UHFFFAOYSA-L","N.N.Cl[Pt]Cl","N.N.Cl[Pt]Cl"
5717801,"LCOIAYJMPKXARU-VAWYXSNFSA-N","C1=CC=C(C=C1)C=CC(=O)NC(C(Cl)(Cl)Cl)NC(=S)NC2=CC=CC3=C2N=CC=C3","C1=CC=C(C=C1)/C=C/C(=O)NC(C(Cl)(Cl)Cl)NC(=S)NC2=CC=CC3=C2N=CC=C3"
6445533,"BWDQBBCUWLSASG-MDZDMXLPSA-N","C1=CC=C2C(=C1)C(=CN2)CCN(CCO)CC3=CC=C(C=C3)C=CC(=O)NO","C1=CC=C2C(=C1)C(=CN2)CCN(CCO)CC3=CC=C(C=C3)/C=C/C(=O)NO"
6445562,"WVUNYSQLFKLYNI-AATRIKPKSA-N","CCOC1=C(C=C2C(=C1)N=CC(=C2NC3=CC(=C(C=C3)F)Cl)C#N)NC(=O)C=CCN(C)C","CCOC1=C(C=C2C(=C1)N=CC(=C2NC3=CC(=C(C=C3)F)Cl)C#N)NC(=O)/C=C/CN(C)C"
6450551,"RITAVMQDGBJQJZ-FMIVXFBMSA-N","CNC(=O)C1=CC=CC=C1SC2=CC3=C(C=C2)C(=NN3)C=CC4=CC=CC=N4","CNC(=O)C1=CC=CC=C1SC2=CC3=C(C=C2)C(=NN3)/C=C/C4=CC=CC=N4"
6450816,"MRKSDPIHUJSKRA-HZPIKELBSA-N","CC1=CC=C(C=C1)C(=O)N(CCCN)C(C2=NC3=C(C=CC(=C3)Cl)C(=O)N2CC4=CC=CC=C4)C(C)C.CS(=O)(=O)O","CC1=CC=C(C=C1)C(=O)N(CCCN)[C@@H](C2=NC3=C(C=CC(=C3)Cl)C(=O)N2CC4=CC=CC=C4)C(C)C.CS(=O)(=O)O"
6505803,"AYUNIORJHRXIBJ-TXHRRWQRSA-N","CC1CC(C(C(C=C(C(C(C=CC=C(C(=O)NC2=CC(=O)C(=C(C1)C2=O)NCC=C)C)OC)OC(=O)N)C)C)O)OC","C[C@H]1C[C@@H]([C@@H]([C@H](/C=C(/[C@@H]([C@H](/C=C\C=C(\C(=O)NC2=CC(=O)C(=C(C1)C2=O)NCC=C)/C)OC)OC(=O)N)\C)C)O)OC"
6539732,"ZRHRPGSSSVYBRG-UHFFFAOYSA-N","C1=CC(=CC(=C1)I)CSC2=NN=C(O2)C3=CC=NC=C3","C1=CC(=CC(=C1)I)CSC2=NN=C(O2)C3=CC=NC=C3"
6710780,"JXLYSJRDGCGARV-CUGARIAGSA-N","CCC1(CC2CC(C3=C(CCN(C2)C1)C4=CC=CC=C4N3)(C5=C(C=C6C(=C5)C78CCN9C7C(C=CC9)(C(C(C8N6C)(C(=O)OC)O)OC(=O)C)CC)OC)C(=O)OC)O","CC[C@@]1(CC2C[C@@](C3=C(CCN(C2)C1)C4=CC=CC=C4N3)(C5=C(C=C6C(=C5)[C@]78CCN9[C@H]7[C@@](C=CC9)([C@H]([C@@]([C@@H]8N6C)(C(=O)OC)O)OC(=O)C)CC)OC)C(=O)OC)O"
6852167,"JFVNFXCESCXMBC-UHFFFAOYSA-N","CC1=C(SC(=N1)NC(=O)C)C2=CC(=C(C=C2)Cl)S(=O)(=O)NCCO","CC1=C(SC(=N1)NC(=O)C)C2=CC(=C(C=C2)Cl)S(=O)(=O)NCCO"
6914657,"KPBNHDGDUADAGP-VAWYXSNFSA-N","C1CN(CCC1CCCCNC(=O)C=CC2=CN=CC=C2)C(=O)C3=CC=CC=C3","C1CN(CCC1CCCCNC(=O)/C=C/C2=CN=CC=C2)C(=O)C3=CC=CC=C3"
6918265,"SNAJPQVDGYDQSW-DYCFWDQMSA-N","CC(C(C(=O)N)NC(=O)C1CSSCC(C(=O)NC(C(=O)NC(C(=O)NC(C(=O)N1)CCCCN)CC2=CNC3=CC=CC=C32)CC4=CC=C(C=C4)O)NC(=O)C(CC5=CC=CC=C5)N)O","C[C@H]([C@@H](C(=O)N)NC(=O)[C@@H]1CSSC[C@@H](C(=O)N[C@H](C(=O)N[C@@H](C(=O)N[C@H](C(=O)N1)CCCCN)CC2=CNC3=CC=CC=C32)CC4=CC=C(C=C4)O)NC(=O)[C@@H](CC5=CC=CC=C5)N)O"
6918289,"CBPNZQVSJQDFBE-FUXHJELOSA-N","CC1CCC2CC(C(=CC=CC=CC(CC(C(=O)C(C(C(=CC(C(=O)CC(OC(=O)C3CCCCN3C(=O)C(=O)C1(O2)O)C(C)CC4CCC(C(C4)OC)OC(=O)C(C)(CO)CO)C)C)O)OC)C)C)C)OC","C[C@@H]1CC[C@H]2C[C@@H](/C(=C/C=C/C=C/[C@H](C[C@H](C(=O)[C@@H]([C@@H](/C(=C/[C@H](C(=O)C[C@H](OC(=O)[C@@H]3CCCCN3C(=O)C(=O)[C@@]1(O2)O)[C@H](C)C[C@@H]4CC[C@H]([C@@H](C4)OC)OC(=O)C(C)(CO)CO)C)/C)O)OC)C)C)/C)OC"
6918454,"GFMMXOIFOQCCGU-UHFFFAOYSA-N","C1CC1CONC(=O)C2=C(C(=C(C=C2)F)F)NC3=C(C=C(C=C3)I)Cl","C1CC1CONC(=O)C2=C(C(=C(C=C2)F)F)NC3=C(C=C(C=C3)I)Cl"
6918638,"NCNRHFGMJRPRSK-MDZDMXLPSA-N","C1=CC=C(C=C1)NS(=O)(=O)C2=CC=CC(=C2)C=CC(=O)NO","C1=CC=C(C=C1)NS(=O)(=O)C2=CC=CC(=C2)/C=C/C(=O)NO"
6918837,"FPOHNWQLNRZRFC-ZHACJKMWSA-N","CC1=C(C2=CC=CC=C2N1)CCNCC3=CC=C(C=C3)C=CC(=O)NO","CC1=C(C2=CC=CC=C2N1)CCNCC3=CC=C(C=C3)/C=C/C(=O)NO"
6918848,"LAMIXXKAWNLXOC-INIZCTEOSA-N","CC(C)C(C1=CC=CC=C1)C(=O)NC2=CC=C(C=C2)C(=O)NO","CC(C)[C@@H](C1=CC=CC=C1)C(=O)NC2=CC=C(C=C2)C(=O)NO"
6918878,"ABZSPJVXTTUFAA-UHFFFAOYSA-N","CC(=O)NC1=CC=C(C=C1)C(=O)NC2=C(C=CC(=C2)C3=CC=CS3)N","CC(=O)NC1=CC=C(C=C1)C(=O)NC2=C(C=CC(=C2)C3=CC=CS3)N"
7251185,"KTEXNACQROZXEV-PVLRGYAZSA-N","CC1=CCCC2(C(O2)C3C(CC1)C(=C)C(=O)O3)C","C/C/1=C\CC[C@@]2([C@H](O2)[C@@H]3[C@@H](CC1)C(=C)C(=O)O3)C"
9549184,"ZMNWFTYYYCSSTF-UHFFFAOYSA-N","CC(=O)N1CCN(CC1)C2CCC(CC2)N3C4=NC=NC(=C4C(=N3)C5=CC(=C(C=C5)NC(=O)C6=CC7=CC=CC=C7N6C)OC)N","CC(=O)N1CCN(CC1)C2CCC(CC2)N3C4=NC=NC(=C4C(=N3)C5=CC(=C(C=C5)NC(=O)C6=CC7=CC=CC=C7N6C)OC)N"
9549289,"VPVLEBIVXZSOMQ-UHFFFAOYSA-N","C1=CC(=CC(=C1)N)C2=CC3=C(N2)N=CN=C3OC4=CC=CC(=C4)O","C1=CC(=CC(=C1)N)C2=CC3=C(N2)N=CN=C3OC4=CC=CC(=C4)O"
9549297,"FPYJSJDOHRDAMT-KQWNVCNZSA-N","CC1=C(NC(=C1C(=O)N2CCN(CC2)C)C)C=C3C4=C(C=CC(=C4)S(=O)(=O)N(C)C5=CC(=CC=C5)Cl)NC3=O","CC1=C(NC(=C1C(=O)N2CCN(CC2)C)C)/C=C\3/C4=C(C=CC(=C4)S(=O)(=O)N(C)C5=CC(=CC=C5)Cl)NC3=O"
9810884,"JTVBXQAYBIJXRP-SNVBAGLBSA-N","CC(C1=CC=C(C=C1)C(=O)NC2=C3C=CNC3=NC=C2)N","C[C@H](C1=CC=C(C=C1)C(=O)NC2=C3C=CNC3=NC=C2)N"
9813758,"PSPFQEBFYXJZEV-UHFFFAOYSA-N","CC1=CC2=C(C=C1)N=C(C3=NC=C(N23)C)NCCN","CC1=CC2=C(C=C1)N=C(C3=NC=C(N23)C)NCCN"
9825149,"LSFLAQVDISHMNB-UHFFFAOYSA-N","C1CCN(C1)CC2CC(C2)N3C=C(C4=C(N=CN=C43)N)C5=CC(=CC=C5)OCC6=CC=CC=C6","C1CCN(C1)CC2CC(C2)N3C=C(C4=C(N=CN=C43)N)C5=CC(=CC=C5)OCC6=CC=CC=C6"
9826308,"JSKUWFIZUALZLX-UHFFFAOYSA-N","COC1=C(C=C2C(=C1)N=CN2C3=CC(=C(S3)C(=O)N)OCC4=CC=CC=C4C(F)(F)F)OC","COC1=C(C=C2C(=C1)N=CN2C3=CC(=C(S3)C(=O)N)OCC4=CC=CC=C4C(F)(F)F)OC"
9826528,"SUDAHWBOROXANE-SECBINFHSA-N","C1=CC(=C(C=C1I)F)NC2=C(C=CC(=C2F)F)C(=O)NOCC(CO)O","C1=CC(=C(C=C1I)F)NC2=C(C=CC(=C2F)F)C(=O)NOC[C@@H](CO)O"
9829523,"BMGQWWVMWDBQGC-IIFHNQTCSA-N","CC12C(C(CC(O1)N3C4=CC=CC=C4C5=C6C(=C7C8=CC=CC=C8N2C7=C53)CNC6=O)N(C)C(=O)C9=CC=CC=C9)OC","C[C@@]12[C@@H]([C@@H](C[C@@H](O1)N3C4=CC=CC=C4C5=C6C(=C7C8=CC=CC=C8N2C7=C53)CNC6=O)N(C)C(=O)C9=CC=CC=C9)OC"
9858940,"WGZOTBUYUFBEPZ-UHFFFAOYSA-N","CC1=NC(=CC=C1)C2=C(N=C(N2)C(C)(C)C)C3=CC4=C(C=C3)OCO4","CC1=NC(=CC=C1)C2=C(N=C(N2)C(C)(C)C)C3=CC4=C(C=C3)OCO4"
9863776,"NEQZWEXWOFPKOT-BYRRXHGESA-N","CC1CC=CC(=O)C(C(CC=CC2=C(C(=CC(=C2)OC)O)C(=O)O1)O)O","C[C@H]1C/C=C\C(=O)[C@H]([C@H](C/C=C/C2=C(C(=CC(=C2)OC)O)C(=O)O1)O)O"
9868037,"FGTCROZDHDSNIO-UHFFFAOYSA-N","C1=CC=C2C(=C1)C(=CC=N2)CNC3=C(SC=C3)C(=O)NC4=CC=C(C=C4)OC(F)(F)F","C1=CC=C2C(=C1)C(=CC=N2)CNC3=C(SC=C3)C(=O)NC4=CC=C(C=C4)OC(F)(F)F"
9874913,"LLVZBTWPGQVVLW-SNAWJCMRSA-N","CC1=NC=C(C=C1)OC2=C(C=C(C=C2)NC3=NC=NC4=C3C=C(C=C4)C=CCNC(=O)COC)C","CC1=NC=C(C=C1)OC2=C(C=C(C=C2)NC3=NC=NC4=C3C=C(C=C4)/C=C/CNC(=O)COC)C"
9884685,"TUVCWJQQGGETHL-UHFFFAOYSA-N","C1COCCN1C2=NC(=NC3=C2OC4=C3C=CC=N4)C5=CC(=CC=C5)O","C1COCCN1C2=NC(=NC3=C2OC4=C3C=CC=N4)C5=CC(=CC=C5)O"
9903786,"SAYGKHKXGCPTLX-UHFFFAOYSA-N","C1=CC(=CC=C1C2=CC(=C(S2)NC(=O)N)C(=O)N)F","C1=CC(=CC=C1C2=CC(=C(S2)NC(=O)N)C(=O)N)F"
9907093,"CPRAGQJXBLMUEL-UHFFFAOYSA-N","CC1=CN2C(=O)C=C(N=C2C(=C1)C(C)NC3=CC=CC=C3)N4CCOCC4","CC1=CN2C(=O)C=C(N=C2C(=C1)C(C)NC3=CC=CC=C3)N4CCOCC4"
9908783,"GNWHRHGTIBRNSM-UHFFFAOYSA-N","CC1=C2C(=CC=C1)N=C(N(C2=O)C3=CC=CC=C3C)CN4C=NC5=C(N=CN=C54)N","CC1=C2C(=CC=C1)N=C(N(C2=O)C3=CC=CC=C3C)CN4C=NC5=C(N=CN=C54)N"
9910224,"FJHHZXWJVIEFGJ-UHFFFAOYSA-N","CC1=CN=C(C(=N1)OC)NS(=O)(=O)C2=C(N=CC=C2)C3=CC=C(C=C3)C4=NN=CO4","CC1=CN=C(C(=N1)OC)NS(=O)(=O)C2=C(N=CC=C2)C3=CC=C(C=C3)C4=NN=CO4"
9911830,"SPMVMDHWKHCIDT-UHFFFAOYSA-N","CC1=CC(=NO1)NC(=O)NC2=C(C=C(C=C2)OC3=C4C=C(C(=CC4=NC=C3)OC)OC)Cl","CC1=CC(=NO1)NC(=O)NC2=C(C=C(C=C2)OC3=C4C=C(C(=CC4=NC=C3)OC)OC)Cl"
9914412,"OGNYUTNQZVRGMN-UHFFFAOYSA-N","COC1=C(C=C2C(=C1)C(=NC=N2)NC3=CC=C(C=C3)NC(=O)C4=CC=CC=C4)OCCCN5CCOCC5","COC1=C(C=C2C(=C1)C(=NC=N2)NC3=CC=C(C=C3)NC(=O)C4=CC=CC=C4)OCCCN5CCOCC5"
9927531,"PGFQXGLPJUCTOI-WYMLVPIESA-N","CC(=CC(=O)NC1=CC=CC=C1C(=O)O)C2=CC3=CC=CC=C3C=C2","C/C(=C\C(=O)NC1=CC=CC=C1C(=O)O)/C2=CC3=CC=CC=C3C=C2"
9931953,"FCCGJTKEKXUBFZ-UHFFFAOYSA-N","CNCC1=CC=C(C=C1)C2=C3CCNC(=O)C4=C3C(=CC(=C4)F)N2.OP(=O)(O)O","CNCC1=CC=C(C=C1)C2=C3CCNC(=O)C4=C3C(=CC(=C4)F)N2.OP(=O)(O)O"
9933475,"XXJWYDDUDKYVKI-UHFFFAOYSA-N","CC1=CC2=C(N1)C=CC(=C2F)OC3=NC=NC4=CC(=C(C=C43)OC)OCCCN5CCCC5","CC1=CC2=C(N1)C=CC(=C2F)OC3=NC=NC4=CC(=C(C=C43)OC)OCCCN5CCCC5"
9936746,"GNMUEVRJHCWKTO-FQEVSTJZSA-N","CC1=C(SC2=C1C(=NC(C3=NN=C(N32)C)CC(=O)NC4=CC=C(C=C4)O)C5=CC=C(C=C5)Cl)C","CC1=C(SC2=C1C(=N[C@H](C3=NN=C(N32)C)CC(=O)NC4=CC=C(C=C4)O)C5=CC=C(C=C5)Cl)C"
9938202,"LSECOAJFCKFQJG-UHFFFAOYSA-N","C1COCCN1CC2=CC(=O)C(=CO2)OCCCCCSC3=C4C=CC(=CC4=NC=C3)C(F)(F)F.Cl.Cl","C1COCCN1CC2=CC(=O)C(=CO2)OCCCCCSC3=C4C=CC(=CC4=NC=C3)C(F)(F)F.Cl.Cl"
9943465,"NXNQLECPAXXYTR-LCYFTJDESA-N","CN1C=C(C2=CC=CC=C21)C=C3C4=C(C=CC=N4)NC3=O","CN1C=C(C2=CC=CC=C21)/C=C\3/C4=C(C=CC=N4)NC3=O"
9952773,"HEKAIDKUDLCBRU-UHFFFAOYSA-N","CCC1=NC(=C(S1)C2=CC(=NC=C2)NC(=O)C3=CC=CC=C3)C4=CC=CC(=C4)C","CCC1=NC(=C(S1)C2=CC(=NC=C2)NC(=O)C3=CC=CC=C3)C4=CC=CC(=C4)C"
9956119,"AQGNHMOJWBZFQQ-UHFFFAOYSA-N","CC1=CN=C(N1)C2=CN=C(N=C2C3=C(C=C(C=C3)Cl)Cl)NCCNC4=NC=C(C=C4)C#N","CC1=CN=C(N1)C2=CN=C(N=C2C3=C(C=C(C=C3)Cl)Cl)NCCNC4=NC=C(C=C4)C#N"
9956222,"YBPIBGNBHHGLEB-UHFFFAOYSA-N","C1COCCN1C2=NC(=NC3=C2OC4=C3C=CC=N4)C5=CC(=CC=C5)NC(=O)C6=CN=C(C=C6)N","C1COCCN1C2=NC(=NC3=C2OC4=C3C=CC=N4)C5=CC(=CC=C5)NC(=O)C6=CN=C(C=C6)N"
9967941,"DKPQHFZUICCZHF-UHFFFAOYSA-N","CC1=NC(=CC=C1)C2=C(N=C(N2)C(C)(C)C)C3=CC4=NC=CN=C4C=C3","CC1=NC(=CC=C1)C2=C(N=C(N2)C(C)(C)C)C3=CC4=NC=CN=C4C=C3"
10027278,"YULUCECVQOCQFQ-UHFFFAOYSA-N","C1=CC=C2C(=C1)C=CC3=C2C=CC(=C3)C4=CC(=NN4C5=CC=C(C=C5)NC(=O)CN)C(F)(F)F","C1=CC=C2C(=C1)C=CC3=C2C=CC(=C3)C4=CC(=NN4C5=CC=C(C=C5)NC(=O)CN)C(F)(F)F"
10074640,"WJEOLQLKVOPQFV-UHFFFAOYSA-N","CC1=C(C=C(C=C1)NC(=O)C2=CC=C(C=C2)CN3CCN(CC3)C)NC4=NC(=CS4)C5=CN=CC=C5","CC1=C(C=C(C=C1)NC(=O)C2=CC=C(C=C2)CN3CCN(CC3)C)NC4=NC(=CS4)C5=CN=CC=C5"
10077147,"VAVXGGRQQJZYBL-UHFFFAOYSA-N","C1CCN(C1)C(=O)NC2=CC=CC(=C2)NC3=NC=C(C(=N3)NCCCNC(=O)C4=CC=CS4)I","C1CCN(C1)C(=O)NC2=CC=CC(=C2)NC3=NC=C(C(=N3)NCCCNC(=O)C4=CC=CS4)I"
10109823,"RCYPVQCPYKNSTG-UHFFFAOYSA-N","C1=CC=C2C(=C1)N=C(S2)C(C#N)C3=NC(=NC=C3)NCCC4=CN=CC=C4","C1=CC=C2C(=C1)N=C(S2)C(C#N)C3=NC(=NC=C3)NCCC4=CN=CC=C4"
10113978,"CUIHSIWYWATEQL-UHFFFAOYSA-N","CC1=C(C=C(C=C1)NC2=NC=CC(=N2)N(C)C3=CC4=NN(C(=C4C=C3)C)C)S(=O)(=O)N","CC1=C(C=C(C=C1)NC2=NC=CC(=N2)N(C)C3=CC4=NN(C(=C4C=C3)C)C)S(=O)(=O)N"
10127622,"CYOHGALHFOKKQC-UHFFFAOYSA-N","CN1C=NC2=C1C=C(C(=C2F)NC3=C(C=C(C=C3)Br)Cl)C(=O)NOCCO","CN1C=NC2=C1C=C(C(=C2F)NC3=C(C=C(C=C3)Br)Cl)C(=O)NOCCO"
10172943,"YWTBGJGMTBHQTM-IBGZPJMESA-N","CC1=C2C=C(C=CC2=NN1)C3=CC(=CN=C3)OCC(CC4=CNC5=CC=CC=C54)N","CC1=C2C=C(C=CC2=NN1)C3=CC(=CN=C3)OC[C@H](CC4=CNC5=CC=CC=C54)N"
10184653,"ULXXDDBFHOBEHA-CWDCEQMOSA-N","CN(C)CC=CC(=O)NC1=C(C=C2C(=C1)C(=NC=N2)NC3=CC(=C(C=C3)F)Cl)OC4CCOC4","CN(C)C/C=C/C(=O)NC1=C(C=C2C(=C1)C(=NC=N2)NC3=CC(=C(C=C3)F)Cl)O[C@H]4CCOC4"
10200390,"JWQOJVOKBAAAAR-UHFFFAOYSA-N","COC1=C(C=C(C=C1)C2=CC3=NC=CN3C(=N2)NC4=C(C=CC=N4)C(=O)N)OC","COC1=C(C=C(C=C1)C2=CC3=NC=CN3C(=N2)NC4=C(C=CC=N4)C(=O)N)OC"
10302451,"OUKYUETWWIPKQR-UHFFFAOYSA-N","CN1CCN(CC1)CCOC2=CC3=C(C(=C2)OC4CCOCC4)C(=NC=N3)NC5=C(C=CC6=C5OCO6)Cl","CN1CCN(CC1)CCOC2=CC3=C(C(=C2)OC4CCOCC4)C(=NC=N3)NC5=C(C=CC6=C5OCO6)Cl"
10341154,"FYSRKRZDBHOFAY-UHFFFAOYSA-N","C1=CC(=C(C(=C1)F)N(C2=NC(=C(C=C2)C(=O)N)C3=C(C=C(C=C3)F)F)C(=O)N)F","C1=CC(=C(C(=C1)F)N(C2=NC(=C(C=C2)C(=O)N)C3=C(C=C(C=C3)F)F)C(=O)N)F"
10368812,"SMFXSYMLJDHGIE-UHFFFAOYSA-N","CC1=CC=C(C=C1)C(=O)N(CCCN)C(C2=NC3=C(C(=NS3)C)C(=O)N2CC4=CC=CC=C4)C(C)C","CC1=CC=C(C=C1)C(=O)N(CCCN)C(C2=NC3=C(C(=NS3)C)C(=O)N2CC4=CC=CC=C4)C(C)C"
10384072,"DPEXRCOBPACFOO-UHFFFAOYSA-N","C1=CC=C(C(=C1)C2=CC3=C(C4=C(N3)C=CC(=C4)O)C5=C2C(=O)NC5=O)Cl","C1=CC=C(C(=C1)C2=CC3=C(C4=C(N3)C=CC(=C4)O)C5=C2C(=O)NC5=O)Cl"
10385095,"MIQUEZGHEJGPJB-UHFFFAOYSA-N","C1=CC(=CC(=C1)NC(=O)C2=C(C(=CC=C2)O)O)NC(=O)C3=C(C(=CC=C3)O)O","C1=CC(=CC(=C1)NC(=O)C2=C(C(=CC=C2)O)O)NC(=O)C3=C(C(=CC=C3)O)O"
10459196,"SXOZSDJHGMAEGZ-IGKKHSBFSA-N","CC1C(C(C(C(O1)OC2=C(OC3=CC(=CC(=C3C2=O)O)O)C4=CC=C(C=C4)O)O)OC(=O)C)OC(=O)C","C[C@H]1[C@@H]([C@H]([C@H]([C@@H](O1)OC2=C(OC3=CC(=CC(=C3C2=O)O)O)C4=CC=C(C=C4)O)O)OC(=O)C)OC(=O)C"
10461815,"OYONTEXKYJZFHA-SSHUPFPWSA-N","CC1=C(NC(=C1C(=O)N2CCCC2CN3CCCC3)C)C=C4C5=C(C=CC(=C5)S(=O)(=O)CC6=C(C=CC=C6Cl)Cl)NC4=O","CC1=C(NC(=C1C(=O)N2CCC[C@@H]2CN3CCCC3)C)/C=C\4/C5=C(C=CC(=C5)S(=O)(=O)CC6=C(C=CC=C6Cl)Cl)NC4=O"
11152667,"IAYGCINLNONXHY-LBPRGKRZSA-N","C1CC(CNC1)NC(=O)C2=C(C=C(S2)C3=CC(=CC=C3)F)NC(=O)N","C1C[C@@H](CNC1)NC(=O)C2=C(C=C(S2)C3=CC(=CC=C3)F)NC(=O)N"
11175137,"LZMOSYUFVYJEPY-UHFFFAOYSA-N","C1CNCCC1(C2=CC=C(C=C2)C3=CNN=C3)C4=CC=C(C=C4)Cl","C1CNCCC1(C2=CC=C(C=C2)C3=CNN=C3)C4=CC=C(C=C4)Cl"
11178236,"QBIYUDDJPRGKNJ-UHFFFAOYSA-M","CC1=[N+](C2=C(N1CCOC)C(=O)C3=CC=CC=C3C2=O)CC4=NC=CN=C4.[Br-]","CC1=[N+](C2=C(N1CCOC)C(=O)C3=CC=CC=C3C2=O)CC4=NC=CN=C4.[Br-]"
11228183,"HPLNQCPCUACXLM-PGUFJCEWSA-N","CN(C)CCC(CSC1=CC=CC=C1)NC2=C(C=C(C=C2)S(=O)(=O)NC(=O)C3=CC=C(C=C3)N4CCN(CC4)CC5=CC=CC=C5C6=CC=C(C=C6)Cl)[N+](=O)[O-]","CN(C)CC[C@H](CSC1=CC=CC=C1)NC2=C(C=C(C=C2)S(=O)(=O)NC(=O)C3=CC=C(C=C3)N4CCN(CC4)CC5=CC=CC=C5C6=CC=C(C=C6)Cl)[N+](=O)[O-]"
11234052,"WCWUXEGQKLTGDX-LLVKDONJSA-N","CC1=CC2=C(N1)C=CC(=C2F)OC3=NC=NN4C3=C(C(=C4)OCC(C)O)C","CC1=CC2=C(N1)C=CC(=C2F)OC3=NC=NN4C3=C(C(=C4)OC[C@@H](C)O)C"
11282283,"FOFDIMHVKGYHRU-UHFFFAOYSA-N","C1CN(CCN1C2=NC=NC3=C2OC4=CC=CC=C43)C(=S)NCC5=CC6=C(C=C5)OCO6","C1CN(CCN1C2=NC=NC3=C2OC4=CC=CC=C43)C(=S)NCC5=CC6=C(C=C5)OCO6"
11327430,"JAMULYFATHSZJM-UHFFFAOYSA-N","C1COCCN1C2=CC(=O)C3=C(O2)C(=CC=C3)C4=CC=CC5=C4SC6=CC=CC=C56","C1COCCN1C2=CC(=O)C3=C(O2)C(=CC=C3)C4=CC=CC5=C4SC6=CC=CC=C56"
11338033,"OVPNQJVDAFNBDN-UHFFFAOYSA-N","C1CNCCC1NC(=O)C2=C(C=NN2)NC(=O)C3=C(C=CC=C3Cl)Cl","C1CNCCC1NC(=O)C2=C(C=NN2)NC(=O)C3=C(C=CC=C3Cl)Cl"
11364421,"XQVVPGYIWAGRNI-JOCHJYFZSA-N","CCC1C(=O)N(C2=CN=C(N=C2N1C3CCCC3)NC4=C(C=C(C=C4)C(=O)NC5CCN(CC5)C)OC)C","CC[C@@H]1C(=O)N(C2=CN=C(N=C2N1C3CCCC3)NC4=C(C=C(C=C4)C(=O)NC5CCN(CC5)C)OC)C"
11373846,"OLIIUAHHAZEXEX-UHFFFAOYSA-N","CC1=C(C(CC(=O)N1)C2=CC=C(C=C2)C(F)(F)F)C(=O)NC3=C(C=C4C(=C3)C=NN4)F","CC1=C(C(CC(=O)N1)C2=CC=C(C=C2)C(F)(F)F)C(=O)NC3=C(C=C4C(=C3)C=NN4)F"
11404337,"CVCLJVVBHYOXDC-IAZSKANUSA-N","CC1=CC(=C(N1)C=C2C(=CC(=C3C=C4C=CC=CC4=N3)N2)OC)C","CC1=CC(=C(N1)/C=C\2/C(=C/C(=C/3\C=C4C=CC=CC4=N3)/N2)OC)C"
11433190,"BDUHCSBCVGXTJM-WUFINQPMSA-N","CC(C)OC1=C(C=CC(=C1)OC)C2=NC(C(N2C(=O)N3CCNC(=O)C3)C4=CC=C(C=C4)Cl)C5=CC=C(C=C5)Cl","CC(C)OC1=C(C=CC(=C1)OC)C2=N[C@H]([C@H](N2C(=O)N3CCNC(=O)C3)C4=CC=C(C=C4)Cl)C5=CC=C(C=C5)Cl"
11455910,"PQAPVTKIEGUPRN-UHFFFAOYSA-N","CC(C)C1=CC=CC=C1CC2=CC(=C(C(=C2O)O)O)C(=O)NC3=CC=C(C=C3)S(=O)(=O)C4=CC=CC=C4C(C)(C)C","CC(C)C1=CC=CC=C1CC2=CC(=C(C(=C2O)O)O)C(=O)NC3=CC=C(C=C3)S(=O)(=O)C4=CC=CC=C4C(C)(C)C"
11485656,"MPVGZUGXCQEXTM-UHFFFAOYSA-N","CC1=CC(=C(C=C1)F)NC(=O)NC2=CC=C(C=C2)C3=C4C(=CC=C3)NN=C4N","CC1=CC(=C(C=C1)F)NC(=O)NC2=CC=C(C=C2)C3=C4C(=CC=C3)NN=C4N"
11488320,"DFJSJLGUIXFDJP-UHFFFAOYSA-N","CNC(=O)CN1CCC(CC1)OC2=C(C=C3C(=C2)C(=NC=N3)NC4=C(C(=CC=C4)Cl)F)OC","CNC(=O)CN1CCC(CC1)OC2=C(C=C3C(=C2)C(=NC=N3)NC4=C(C(=CC=C4)Cl)F)OC"
11493598,"XVECMUKVOMUNLE-UHFFFAOYSA-N","C1=CC=C(C=C1)C2=NN3C=CC=CC3=C2C4=CC5=C(NN=C5N=N4)N","C1=CC=C(C=C1)C2=NN3C=CC=CC3=C2C4=CC5=C(NN=C5N=N4)N"
11511120,"LVXJQMNHJWSHET-AATRIKPKSA-N","COC1=C(C=C2C(=C1)N=CN=C2NC3=CC(=C(C=C3)F)Cl)NC(=O)C=CCN4CCCCC4","COC1=C(C=C2C(=C1)N=CN=C2NC3=CC(=C(C=C3)F)Cl)NC(=O)/C=C/CN4CCCCC4"
11609586,"CEGSUKYESLWKJP-UHFFFAOYSA-N","C1=CC=C2C(=C1)C(=CN2)CCNC3=CC=C(C=C3)NC4=CC=NC=C4","C1=CC=C2C(=C1)C(=CN2)CCNC3=CC=C(C=C3)NC4=CC=NC=C4"
11617559,"MYQAUKPBNJWPIE-UHFFFAOYSA-N","COC1=CC=C(C=C1)COC2=C(C=C(C=C2)CC3=CN=C(N=C3N)N)OC","COC1=CC=C(C=C1)COC2=C(C=C(C=C2)CC3=CN=C(N=C3N)N)OC"
11624601,"KQMPRSZTUSSXND-UHFFFAOYSA-N","CCOC1=C(C(=CC(=N1)NC(=O)CC2=C(C=CC(=C2)OC)OC)N)C#N","CCOC1=C(C(=CC(=N1)NC(=O)CC2=C(C=CC(=C2)OC)OC)N)C#N"
11625818,"IFSDAJWBUCMOAH-HNNXBMFYSA-N","CCC(C1=NC2=C(C(=CC=C2)F)C(=O)N1C3=CC=CC=C3)NC4=NC=NC5=C4NC=N5","CC[C@@H](C1=NC2=C(C(=CC=C2)F)C(=O)N1C3=CC=CC=C3)NC4=NC=NC5=C4NC=N5"
11626560,"KTEIFNKAUNYNJU-GFCCVEGCSA-N","CC(C1=C(C=CC(=C1Cl)F)Cl)OC2=C(N=CC(=C2)C3=CN(N=C3)C4CCNCC4)N","C[C@H](C1=C(C=CC(=C1Cl)F)Cl)OC2=C(N=CC(=C2)C3=CN(N=C3)C4CCNCC4)N"
11626927,"LDTAHRLHGHFHKP-UHFFFAOYSA-N","COC1=C(C=C2C(=C1)N=CN2C3=CC(=C(S3)C#N)OCC4=CC=CC=C4S(=O)(=O)C)OC","COC1=C(C=C2C(=C1)N=CN2C3=CC(=C(S3)C#N)OCC4=CC=CC=C4S(=O)(=O)C)OC"
11634725,"WUTVMXLIGHTZJC-OAQYLSRUSA-N","CC1=CN=C(N=C1C2=CNC(=C2)C(=O)NC(CO)C3=CC(=CC=C3)Cl)NC4=C(C=C(C=C4)F)Cl","CC1=CN=C(N=C1C2=CNC(=C2)C(=O)N[C@H](CO)C3=CC(=CC=C3)Cl)NC4=C(C=C(C=C4)F)Cl"
11640390,"PKCDDUHJAFVJJB-UHFFFAOYSA-N","CC1(CC(C1)C2=NC(=C3N2C=CN=C3N)C4=CC5=C(C=C4)C=CC(=N5)C6=CC=CC=C6)O","CC1(CC(C1)C2=NC(=C3N2C=CN=C3N)C4=CC5=C(C=C4)C=CC(=N5)C6=CC=CC=C6)O"
11647372,"HGVNLRPZOWWDKD-UHFFFAOYSA-N","C1COCCN1C2=NC(=NC(=N2)N3C4=CC=CC=C4N=C3C(F)F)N5CCOCC5","C1COCCN1C2=NC(=NC(=N2)N3C4=CC=CC=C4N=C3C(F)F)N5CCOCC5"
11655119,"IHLVSLOZUHKNMQ-UHFFFAOYSA-N","C1CC2=C(C(=NN2C1)C3=CC=CC=N3)C4=C5C=CC(=CC5=NC=C4)OCCN6CCOCC6","C1CC2=C(C(=NN2C1)C3=CC=CC=N3)C4=C5C=CC(=CC5=NC=C4)OCCN6CCOCC6"
11667893,"RAHBGWKEPAQNFF-UHFFFAOYSA-N","CC1(CNC2=C1C=CC(=C2)NC(=O)C3=C(N=CC=C3)NCC4=CC=NC=C4)C","CC1(CNC2=C1C=CC(=C2)NC(=O)C3=C(N=CC=C3)NCC4=CC=NC=C4)C"
11676786,"ZGBGPEDJXCYQPH-UHFFFAOYSA-N","CC1=C(C=C(C=C1)NC(=O)C2=CC(=CC=C2)C(C)(C)C#N)NC3=CC4=C(C=C3)N=CN(C4=O)C","CC1=C(C=C(C=C1)NC(=O)C2=CC(=CC=C2)C(C)(C)C#N)NC3=CC4=C(C=C3)N=CN(C4=O)C"
11707110,"LIRYPHYGHXZJBZ-UHFFFAOYSA-N","CC1=C2C(=C(N(C1=O)C)NC3=C(C=C(C=C3)I)F)C(=O)N(C(=O)N2C4=CC=CC(=C4)NC(=O)C)C5CC5","CC1=C2C(=C(N(C1=O)C)NC3=C(C=C(C=C3)I)F)C(=O)N(C(=O)N2C4=CC=CC(=C4)NC(=O)C)C5CC5"
11713159,"MZDKLVOWGIOKTN-UHFFFAOYSA-N","CN(C1=C(C=CC=N1)CNC2=NC(=NC=C2C(F)(F)F)NC3=CC4=C(C=C3)NC(=O)C4)S(=O)(=O)C","CN(C1=C(C=CC=N1)CNC2=NC(=NC=C2C(F)(F)F)NC3=CC4=C(C=C3)NC(=O)C4)S(=O)(=O)C"
11719003,"KSERXGMCDHOLSS-LJQANCHMSA-N","CC(C)NC1=NC=C(C(=C1)C2=CNC(=C2)C(=O)NC(CO)C3=CC(=CC=C3)Cl)Cl","CC(C)NC1=NC=C(C(=C1)C2=CNC(=C2)C(=O)N[C@H](CO)C3=CC(=CC=C3)Cl)Cl"
11754511,"DMMILYKXNCVKOJ-UHFFFAOYSA-N","C1CCN(C1)C(=O)NC2=CC=CC(=C2)NC3=NC=C(C(=N3)NCCC4=CN=CN4)Br","C1CCN(C1)C(=O)NC2=CC=CC(=C2)NC3=NC=C(C(=N3)NCCC4=CN=CN4)Br"
11844351,"NBTNHSGBRGTFJS-UHFFFAOYSA-N","CC1=C(C(=CC=C1)C)OC(=O)N(C2=C(C=C(C=C2)OC)OC)C3=NC(=NC=C3)NC4=CC=C(C=C4)N5CCN(CC5)C","CC1=C(C(=CC=C1)C)OC(=O)N(C2=C(C=C(C=C2)OC)OC)C3=NC(=NC=C3)NC4=CC=C(C=C4)N5CCN(CC5)C"
11960529,"JNAHVYVRKWKWKQ-CYBMUJFWSA-N","CC1(CCCN1)C2=NC3=C(C=CC=C3N2)C(=O)N","C[C@@]1(CCCN1)C2=NC3=C(C=CC=C3N2)C(=O)N"
11977753,"JOGKUKXHTYWRGZ-UHFFFAOYSA-N","CC(C)(C#N)C1=CC=C(C=C1)N2C3=C4C=C(C=CC4=NC=C3N(C2=O)C)C5=CC6=CC=CC=C6N=C5","CC(C)(C#N)C1=CC=C(C=C1)N2C3=C4C=C(C=CC4=NC=C3N(C2=O)C)C5=CC6=CC=CC=C6N=C5"
14998470,"HWODCHXORCTEGU-UHFFFAOYSA-N","CCN1C(=O)C2=CC(=C(N=C2N(C1=O)C3CC3)N)C(=O)N","CCN1C(=O)C2=CC(=C(N=C2N(C1=O)C3CC3)N)C(=O)N"
15953870,"SCELLOWTHJGVIC-BGYRXZFFSA-N","CC1CN(CC(O1)C)CC(=O)NC2=CC3=C(C=C2)SC4=C(C3)C=CC=C4C5=CC(=O)C=C(O5)N6CCOCC6","C[C@@H]1CN(C[C@@H](O1)C)CC(=O)NC2=CC3=C(C=C2)SC4=C(C3)C=CC=C4C5=CC(=O)C=C(O5)N6CCOCC6"
16038120,"QQWUGDVOUVUTOY-UHFFFAOYSA-N","CC(C)S(=O)(=O)C1=CC=CC=C1NC2=NC(=NC=C2Cl)NC3=C(C=C(C=C3)N4CCC(CC4)N5CCN(CC5)C)OC","CC(C)S(=O)(=O)C1=CC=CC=C1NC2=NC(=NC=C2Cl)NC3=C(C=C(C=C3)N4CCC(CC4)N5CCN(CC5)C)OC"
16095342,"YOVNFNXUCOWYSG-UHFFFAOYSA-N","CCN1C2=CC(=NC=C2N=C1C3=NON=C3N)OC4=CC=CC(=C4)NC(=O)C5=CC=C(C=C5)OCCN6CCOCC6","CCN1C2=CC(=NC=C2N=C1C3=NON=C3N)OC4=CC=CC(=C4)NC(=O)C5=CC=C(C=C5)OCCN6CCOCC6"
16123056,"RGHYDLZMTYDBDT-UHFFFAOYSA-N","CCN1C2=NC(=NC(=C2C=C(C1=O)C3=CC=NN3)C)N","CCN1C2=NC(=NC(=C2C=C(C1=O)C3=CC=NN3)C)N"
16218924,"HIJMSZGHKQPPJS-UHFFFAOYSA-N","CC1=NC(=CC=C1)C2=NN(C=C2C3=CC=NC4=CC=CC=C34)C(=S)NC5=CC=CC=C5","CC1=NC(=CC=C1)C2=NN(C=C2C3=CC=NC4=CC=CC=C34)C(=S)NC5=CC=CC=C5"
16224745,"GMIZZEXBPRLVIV-UHFFFAOYSA-N","CN1C=C(C=N1)C2=C3N=C(C(=C(N3N=C2)N)Br)C4CCCNC4","CN1C=C(C=N1)C2=C3N=C(C(=C(N3N=C2)N)Br)C4CCCNC4"
16659841,"PDOQBOJDRPLBQU-QMMMGPOBSA-N","CC1=CC(=NN1)NC2=NC(=NC=C2Cl)NC(C)C3=NC=C(C=N3)F","CC1=CC(=NN1)NC2=NC(=NC=C2Cl)N[C@@H](C)C3=NC=C(C=N3)F"
16663089,"PELFTNQHGSITLB-UHFFFAOYSA-N","CC1=CC=C(C=C1)C2=C(N(C3=NC=NC(=C23)N)CCCO)C(=O)CCl","CC1=CC=C(C=C1)C2=C(N(C3=NC=NC(=C23)N)CCCO)C(=O)CCl"
16720766,"MPUQHZXIXSTTDU-QXGSTGNESA-N","C1CC2=CC=CC=C2C1NC3=C4C=CN(C4=NC=N3)C5CC(C(C5)O)COS(=O)(=O)N","C1CC2=CC=CC=C2[C@H]1NC3=C4C=CN(C4=NC=N3)[C@@H]5C[C@H]([C@H](C5)O)COS(=O)(=O)N"
16722836,"JOOXLOJCABQBSG-UHFFFAOYSA-N","CC1=CN=C(N=C1NC2=CC(=CC=C2)S(=O)(=O)NC(C)(C)C)NC3=CC=C(C=C3)OCCN4CCCC4","CC1=CN=C(N=C1NC2=CC(=CC=C2)S(=O)(=O)NC(C)(C)C)NC3=CC=C(C=C3)OCCN4CCCC4"
16725726,"KGPGFQWBCSZGEL-ZDUSSCGKSA-N","CCN1C2=C(C(=NC=C2OCC3CCCNC3)C#CC(C)(C)O)N=C1C4=NON=C4N","CCN1C2=C(C(=NC=C2OC[C@H]3CCCNC3)C#CC(C)(C)O)N=C1C4=NON=C4N"
16732433,"WFOFPVXMPTVOTJ-UHFFFAOYSA-N","CC1=NN=C(O1)C2=NN=C(C=C2)N3CCC(CC3)OC4=C(C=CC(=C4)F)Cl","CC1=NN=C(O1)C2=NN=C(C=C2)N3CCC(CC3)OC4=C(C=CC(=C4)F)Cl"
16747388,"ZCCPLJOKGAACRT-UHFFFAOYSA-N","CC1=C(C=C(C=C1)C(=O)NC2=CC=CC(=C2)C(F)(F)F)NC3=C4C=NN(C4=NC(=N3)C5=CN=CC=C5)C","CC1=C(C=C(C=C1)C(=O)NC2=CC=CC(=C2)C(F)(F)F)NC3=C4C=NN(C4=NC(=N3)C5=CN=CC=C5)C"
16747683,"WJRRGYBTGDJBFX-UHFFFAOYSA-N","CC1=NC=C(N1C(C)C)C2=NC(=NC=C2)NC3=CC=C(C=C3)S(=O)(=O)C","CC1=NC=C(N1C(C)C)C2=NC(=NC=C2)NC3=CC=C(C=C3)S(=O)(=O)C"
16760646,"RNPDUXVFGTULLP-ATTQYFOMSA-N","CCCCC(C=O)NC(=O)C(CC(C)C)NC(=O)C(CC(C)C)NC(=O)OCC1=CC=CC=C1","CCCCC(C=O)NC(=O)[C@H](CC(C)C)NC(=O)[C@@H](CC(C)C)NC(=O)OCC1=CC=CC=C1"
17755052,"LHNIIDJUOCFXAP-UHFFFAOYSA-N","CS(=O)(=O)N1CCN(CC1)CC2=CC3=C(S2)C(=NC(=N3)C4=C5C=NNC5=CC=C4)N6CCOCC6","CS(=O)(=O)N1CCN(CC1)CC2=CC3=C(S2)C(=NC(=N3)C4=C5C=NNC5=CC=C4)N6CCOCC6"
20635522,"RRHONYZEMUNMJX-UHFFFAOYSA-N","CC1=CC(=C(C=C1SC2=CN=C(S2)NC(=O)C3=CC=C(C=C3)CNC(C)C(C)C)C(=O)N4CCN(CC4)C(=O)C)OC","CC1=CC(=C(C=C1SC2=CN=C(S2)NC(=O)C3=CC=C(C=C3)CNC(C)C(C)C)C(=O)N4CCN(CC4)C(=O)C)OC"
23582824,"QDITZBLZQQZVEE-YBEGLDIGSA-N","C1=CC2=NC=CC(=C2C=C1C=C3C(=O)NC(=O)S3)C4=CC=NC=C4","C1=CC2=NC=CC(=C2C=C1/C=C\3/C(=O)NC(=O)S3)C4=CC=NC=C4"
23725625,"FDLYAMZZIXQODN-UHFFFAOYSA-N","C1CC1C(=O)N2CCN(CC2)C(=O)C3=C(C=CC(=C3)CC4=NNC(=O)C5=CC=CC=C54)F","C1CC1C(=O)N2CCN(CC2)C(=O)C3=C(C=CC(=C3)CC4=NNC(=O)C5=CC=CC=C54)F"
24180719,"YZDJQTHVDDOVHR-UHFFFAOYSA-N","CCCS(=O)(=O)NC1=C(C(=C(C=C1)F)C(=O)C2=CNC3=C2C=C(C=N3)Cl)F","CCCS(=O)(=O)NC1=C(C(=C(C=C1)F)C(=O)C2=CNC3=C2C=C(C=N3)Cl)F"
24737642,"UFPFGVNKHCLJJO-SSKFGXFMSA-N","CC(C(=O)NC(C1CCCCC1)C(=O)N2CCCC2C3=NC(=CS3)C(=O)C4=CC=C(C=C4)F)NC","C[C@@H](C(=O)N[C@@H](C1CCCCC1)C(=O)N2CCC[C@H]2C3=NC(=CS3)C(=O)C4=CC=C(C=C4)F)NC"
24739943,"MVZGYPSXNDCANY-UHFFFAOYSA-N","C=CC(=O)NC1=CC2=C(C=C1)N=CN=C2NC3=CC(=C(C=C3)OCC4=CC(=CC=C4)F)Cl","C=CC(=O)NC1=CC2=C(C=C1)N=CN=C2NC3=CC(=C(C=C3)OCC4=CC(=CC=C4)F)Cl"
24753719,"AJRGHIGYPXNABY-UHFFFAOYSA-N","COC1=CC=C(C=C1)CN2C=CC3=C2C=C(C=C3)C(=O)NO","COC1=CC=C(C=C1)CN2C=CC3=C2C=C(C=C3)C(=O)NO"
24756910,"PLIVFNIUGLLCEK-UHFFFAOYSA-N","COC1=C(C=C2C(=C1)N=CN=C2NC3=CC=CC(=C3)C#C)OCCCCCCC(=O)NO","COC1=C(C=C2C(=C1)N=CN=C2NC3=CC=CC(=C3)C#C)OCCCCCCC(=O)NO"
24770514,"ZYRLHJIMTROTBO-UHFFFAOYSA-N","C1=CC=C(C=C1)CSCCC(CCCCC(=O)O)SCC2=CC=CC=C2","C1=CC=C(C=C1)CSCCC(CCCCC(=O)O)SCC2=CC=CC=C2"
24771867,"ZLHFILGSQDJULK-UHFFFAOYSA-N","COC1=C(C(=CC=C1)F)C2=NCC3=CN=C(N=C3C4=C2C=C(C=C4)Cl)NC5=CC(=C(C=C5)C(=O)O)OC","COC1=C(C(=CC=C1)F)C2=NCC3=CN=C(N=C3C4=C2C=C(C=C4)Cl)NC5=CC(=C(C=C5)C(=O)O)OC"
24772043,"BVJSXSQRIUSRCO-UHFFFAOYSA-N","CC(C)(C)C1=CC=C(C=C1)C(=O)NC(=S)NC2=CC=C(C=C2)NC(=O)CCCCN(C)C","CC(C)(C)C1=CC=C(C=C1)C(=O)NC(=S)NC2=CC=C(C=C2)NC(=O)CCCCN(C)C"
24772860,"ZFVRYNYOPQZKDG-UHFFFAOYSA-N","CC1(CC2=C(C(=O)C1)C(=NN2C3=CC(=C(C=C3)C(=O)N)NC4CCC(CC4)O)C(F)(F)F)C","CC1(CC2=C(C(=O)C1)C(=NN2C3=CC(=C(C=C3)C(=O)N)NC4CCC(CC4)O)C(F)(F)F)C"
24776445,"BPQMGSKTAYIVFO-UHFFFAOYSA-N","CS(=O)(=O)C1=CC(=C(C=C1)C(=O)NC2=CC(=C(C=C2)Cl)C3=CC=CC=N3)Cl","CS(=O)(=O)C1=CC(=C(C=C1)C(=O)NC2=CC(=C(C=C2)Cl)C3=CC=CC=N3)Cl"
24785538,"LQVXSNNAFNGRAH-QHCPKHFHSA-N","CC1(CCCN1C2=NN3C=CC=C3C(=N2)NC4=NNC(=C4)C5CC5)C(=O)NC6=CN=C(C=C6)F","C[C@]1(CCCN1C2=NN3C=CC=C3C(=N2)NC4=NNC(=C4)C5CC5)C(=O)NC6=CN=C(C=C6)F"
24788740,"GRZXWCHAXNAUHY-NSISKUIASA-N","CC1CC(C2=C1C(=NC=N2)N3CCN(CC3)C(=O)C(CNC(C)C)C4=CC=C(C=C4)Cl)O","C[C@@H]1C[C@H](C2=C1C(=NC=N2)N3CCN(CC3)C(=O)[C@H](CNC(C)C)C4=CC=C(C=C4)Cl)O"
24821094,"XYFPWWZEPKGCCK-GOSISDBHSA-N","C=CC(=O)N1CCCC(C1)N2C3=NC=NC(=C3C(=N2)C4=CC=C(C=C4)OC5=CC=CC=C5)N","C=CC(=O)N1CCC[C@H](C1)N2C3=NC=NC(=C3C(=N2)C4=CC=C(C=C4)OC5=CC=CC=C5)N"
24825971,"YVXCDLCJCIDFHE-UHFFFAOYSA-N","CCNC1=CC(=NC(=N1)NC2=CC3=C(C=C2)N(C=C3)CC4=CC=CC=C4)NC5CCC(CC5)O","CCNC1=CC(=NC(=N1)NC2=CC3=C(C=C2)N(C=C3)CC4=CC=CC=C4)NC5CCC(CC5)O"
24826799,"PHXJVRSECIGDHY-UHFFFAOYSA-N","CC1=C(C=C(C=C1)C(=O)NC2=CC(=C(C=C2)CN3CCN(CC3)C)C(F)(F)F)C#CC4=CN=C5N4N=CC=C5","CC1=C(C=C(C=C1)C(=O)NC2=CC(=C(C=C2)CN3CCN(CC3)C)C(F)(F)F)C#CC4=CN=C5N4N=CC=C5"
24856436,"BKWJAKQVGHWELA-UHFFFAOYSA-N","CC(C)(C1=NC(=CC=C1)N2C3=NC(=NC=C3C(=O)N2CC=C)NC4=CC=C(C=C4)N5CCN(CC5)C)O","CC(C)(C1=NC(=CC=C1)N2C3=NC(=NC=C3C(=O)N2CC=C)NC4=CC=C(C=C4)N5CCN(CC5)C)O"
24866313,"HDAJDNHIBCDLQF-RUZDIDTESA-N","C1CN(CC1C(=O)NC2=CC3=C(C=C2)NN=C3C4=CC=NC=C4)CC(=O)N5CCN(CC5)C6=CC=C(C=C6)C7=NC=CC=N7","C1CN(C[C@@H]1C(=O)NC2=CC3=C(C=C2)NN=C3C4=CC=NC=C4)CC(=O)N5CCN(CC5)C6=CC=C(C=C6)C7=NC=CC=N7"
24889392,"CVWXJKQAOSCOAB-UHFFFAOYSA-N","CC(C)(C)C1=CC(=NO1)NC(=O)NC2=CC=C(C=C2)C3=CN4C5=C(C=C(C=C5)OCCN6CCOCC6)SC4=N3","CC(C)(C)C1=CC(=NO1)NC(=O)NC2=CC=C(C=C2)C3=CN4C5=C(C=C(C=C5)OCCN6CCOCC6)SC4=N3"
24894414,"GDELUZOQMHQHNF-PFLGVXPYSA-N","CCCC(=O)OCC1=CC=C(C=C1)OC(=O)C=C(C)C=CC=C(C)C=CC2=C(CCCC2(C)C)C","CCCC(=O)OCC1=CC=C(C=C1)OC(=O)/C=C(\C)/C=C/C=C(\C)/C=C/C2=C(CCCC2(C)C)C"
24905401,"IIRWNGPLJQXWFJ-KRWDZBQOSA-N","C1=CC(=CC=C1C2=CNN=C2)C(CN)(C3=CC=C(C=C3)Cl)O","C1=CC(=CC=C1C2=CNN=C2)[C@@](CN)(C3=CC=C(C=C3)Cl)O"
24951314,"WWGBHDIHIVGYLZ-UHFFFAOYSA-N","CC(C)(C)OC(=O)NC1=CC=C(C=C1)C2=CC(=NO2)C(=O)NCCCCCCC(=O)NO","CC(C)(C)OC(=O)NC1=CC=C(C=C1)C2=CC(=NO2)C(=O)NCCCCCCC(=O)NO"
24958200,"PCHKPVIQAHNQLW-CQSZACIVSA-N","C1CC(CNC1)C2=CC=C(C=C2)N3C=C4C=CC=C(C4=N3)C(=O)N","C1C[C@H](CNC1)C2=CC=C(C=C2)N3C=C4C=CC=C(C4=N3)C(=O)N"
24978538,"JLYAXFNOILIKPP-KXQOOQHDSA-N","CC1(CCC(=C(C1)CN2CCN(CC2)C3=CC=C(C=C3)C(=O)NS(=O)(=O)C4=CC(=C(C=C4)NC(CCN5CCOCC5)CSC6=CC=CC=C6)S(=O)(=O)C(F)(F)F)C7=CC=C(C=C7)Cl)C","CC1(CCC(=C(C1)CN2CCN(CC2)C3=CC=C(C=C3)C(=O)NS(=O)(=O)C4=CC(=C(C=C4)N[C@H](CCN5CCOCC5)CSC6=CC=CC=C6)S(=O)(=O)C(F)(F)F)C7=CC=C(C=C7)Cl)C"
25022668,"WVSBGSNVCDAMCF-UHFFFAOYSA-N","C1CCC(C1)C2=C(C=CC(=C2)C3=CNC4=C3C=C(C=N4)C5=CC=CC=C5)C(=O)O","C1CCC(C1)C2=C(C=CC(=C2)C3=CNC4=C3C=C(C=N4)C5=CC=CC=C5)C(=O)O"
25099184,"SUNXHXDJOIXABJ-NSHDSACASA-N","CC1=CC(=NN1)NC2=C(C=C(C(=N2)NC(C)C3=CC=C(C=C3)F)C#N)F","CC1=CC(=NN1)NC2=C(C=C(C(=N2)N[C@@H](C)C3=CC=C(C=C3)F)C#N)F"
25102847,"ONIQOQHATWINJY-UHFFFAOYSA-N","COC1=CC2=C(C=CN=C2C=C1OC)OC3=CC=C(C=C3)NC(=O)C4(CC4)C(=O)NC5=CC=C(C=C5)F","COC1=CC2=C(C=CN=C2C=C1OC)OC3=CC=C(C=C3)NC(=O)C4(CC4)C(=O)NC5=CC=C(C=C5)F"
25124816,"MOSKATHMXWSZTQ-UHFFFAOYSA-N","CCC1=CC(=C(C=C1N2CCC(CC2)N3CCN(CC3)S(=O)(=O)C)OC)NC4=NC=CC(=N4)C5=C(N=C6N5C=CC=C6)C7=CC(=C(C=C7)OC)C(=O)NC8=C(C=CC=C8F)F","CCC1=CC(=C(C=C1N2CCC(CC2)N3CCN(CC3)S(=O)(=O)C)OC)NC4=NC=CC(=N4)C5=C(N=C6N5C=CC=C6)C7=CC(=C(C=C7)OC)C(=O)NC8=C(C=CC=C8F)F"
25126798,"HFNKQEVNSGCOJV-OAHLLOKOSA-N","C1CCC(C1)C(CC#N)N2C=C(C=N2)C3=C4C=CNC4=NC=N3","C1CCC(C1)[C@@H](CC#N)N2C=C(C=N2)C3=C4C=CNC4=NC=N3"
25167777,"CGBJSGAELGCMKE-UHFFFAOYSA-N","COC1=C(C=C(C=N1)C2=CC3=C(C=CN=C3C=C2)C4=CN=NC=C4)NS(=O)(=O)C5=C(C=C(C=C5)F)F","COC1=C(C=C(C=N1)C2=CC3=C(C=CN=C3C=C2)C4=CN=NC=C4)NS(=O)(=O)C5=C(C=C(C=C5)F)F"
25195294,"CDOVNWNANFFLFJ-UHFFFAOYSA-N","C1CN(CCN1)C2=CC=C(C=C2)C3=CN4C(=C(C=N4)C5=CC=NC6=CC=CC=C56)N=C3","C1CN(CCN1)C2=CC=C(C=C2)C3=CN4C(=C(C=N4)C5=CC=NC6=CC=CC=C56)N=C3"
25195352,"NMJMRSQTDLRCRQ-UHFFFAOYSA-N","CC(C)S(=O)(=O)C1=CC=CC=C1NC2=CC(=NC3=C2C=CN3)NC4=C(C=C(C=C4)N5CCC(CC5)O)OC","CC(C)S(=O)(=O)C1=CC=CC=C1NC2=CC(=NC3=C2C=CN3)NC4=C(C=C(C=C4)N5CCC(CC5)O)OC"
25222038,"AHMHIFXJPSHHPH-UHFFFAOYSA-N","C1COCCN1C2=CC(=CC(=C2)C3=NC(=NC=C3)NC4=CC=C(C=C4)N5C=NC(=N5)N6CCOCC6)F","C1COCCN1C2=CC(=CC(=C2)C3=NC(=NC=C3)NC4=CC=C(C=C4)N5C=NC(=N5)N6CCOCC6)F"
25226117,"IMEGLYUXMGWVQA-UHFFFAOYSA-N","CC(C)S(=O)(=O)C1=CC=CC=C1NC2=NC(=NC(=C2Cl)N)NC3=C(C=C(C=C3)N4CCC(CC4)C(=O)N)OC","CC(C)S(=O)(=O)C1=CC=CC=C1NC2=NC(=NC(=C2Cl)N)NC3=C(C=C(C=C3)N4CCC(CC4)C(=O)N)OC"
25226483,"INAFQGYNNQIERK-UHFFFAOYSA-N","CC(C)S(=O)(=O)C1=CC=CC=C1NC2=CC(=NC3=C2C=CN3)NC4=NC=C(C=C4)C(=O)NC","CC(C)S(=O)(=O)C1=CC=CC=C1NC2=CC(=NC3=C2C=CN3)NC4=NC=C(C=C4)C(=O)NC"
25227436,"JDUBGYFRJFOXQC-KRWDZBQOSA-N","C1CN(CCC1(C(=O)NC(CCO)C2=CC=C(C=C2)Cl)N)C3=NC=NC4=C3C=CN4","C1CN(CCC1(C(=O)N[C@@H](CCO)C2=CC=C(C=C2)Cl)N)C3=NC=NC4=C3C=CN4"
25227847,"VGHSATQVJCTKEF-UHFFFAOYSA-N","C1=CC=C2C(=C1)C(=CC(=N2)NC(=O)C3=CC(=CC(=N3)C(=O)NC4=NC5=CC=CC=C5C(=C4)OCCN)OCCN)OCCN","C1=CC=C2C(=C1)C(=CC(=N2)NC(=O)C3=CC(=CC(=N3)C(=O)NC4=NC5=CC=CC=C5C(=C4)OCCN)OCCN)OCCN"
25254071,"YOVVNQKCSKSHKT-HNNXBMFYSA-N","CC1=C(SC2=C1N=C(N=C2N3CCOCC3)C4=CN=C(N=C4)N)CN5CCN(CC5)C(=O)C(C)O","CC1=C(SC2=C1N=C(N=C2N3CCOCC3)C4=CN=C(N=C4)N)CN5CCN(CC5)C(=O)[C@H](C)O"
25257557,"XGPBJCHFROADCK-UHFFFAOYSA-N","CC1=CN=C(C=N1)CNC(=O)C2=C3N(C4=CC=CC=C4S3)C5=C(C2=O)C=CC(=N5)N6CCCN(CC6)C","CC1=CN=C(C=N1)CNC(=O)C2=C3N(C4=CC=CC=C4S3)C5=C(C2=O)C=CC(=N5)N6CCCN(CC6)C"
25260757,"QLHHRYZMBGPBJG-UHFFFAOYSA-N","CNC(=O)NC1=CC=C(C=C1)C2=NC3=C(C=NN3C4CCC5(CC4)OCCO5)C(=N2)N6CC7CCC(C6)O7","CNC(=O)NC1=CC=C(C=C1)C2=NC3=C(C=NN3C4CCC5(CC4)OCCO5)C(=N2)N6CC7CCC(C6)O7"
25262792,"JUSFANSTBFGBAF-IRXDYDNUSA-N","CC1COCCN1C2=NC(=NC3=C2C=CC(=N3)C4=CC(=CC=C4)C(=O)NC)N5CCOCC5C","C[C@H]1COCCN1C2=NC(=NC3=C2C=CC(=N3)C4=CC(=CC=C4)C(=O)NC)N5CCOC[C@@H]5C"
25262965,"KVLFRAWTRWDEDF-IRXDYDNUSA-N","CC1COCCN1C2=NC(=NC3=C2C=CC(=N3)C4=CC(=C(C=C4)OC)CO)N5CCOCC5C","C[C@H]1COCCN1C2=NC(=NC3=C2C=CC(=N3)C4=CC(=C(C=C4)OC)CO)N5CCOC[C@@H]5C"
35397514,"YUNQZQREIHWDQT-UHFFFAOYSA-N","CC1=C(C=CC(=C1)Br)S(=O)(=O)NC2=CC3=C(C=C2OC)N(C(=O)N3C)C","CC1=C(C=CC(=C1)Br)S(=O)(=O)NC2=CC3=C(C=C2OC)N(C(=O)N3C)C"
42623951,"RXRZPHQBTHQXSV-UHFFFAOYSA-N","CC(C)(C)NS(=O)(=O)C1=CN=CC(=C1)C2=CN3C(=NC(=N3)N)C(=C2)F","CC(C)(C)NS(=O)(=O)C1=CN=CC(=C1)C2=CN3C(=NC(=N3)N)C(=C2)F"
42628507,"DGEBYERMQBTMHV-UHFFFAOYSA-N","CC(C)N1C=NC2=C(N=C(N=C21)NC3CCC(CC3)N(C)C)NC4=CC(=CC=C4)NC(=O)C=C","CC(C)N1C=NC2=C(N=C(N=C21)NC3CCC(CC3)N(C)C)NC4=CC(=CC=C4)NC(=O)C=C"
42628535,"VIJIVCXRKDRGGA-UHFFFAOYSA-N","CC(C)N1C(=O)CCN(C2=NC(=NC=C21)NC3=C(C=C(C=C3)C(=O)NC4CCN(CC4)C)OC)C5CCCC5","CC(C)N1C(=O)CCN(C2=NC(=NC=C21)NC3=C(C=C(C=C3)C(=O)NC4CCN(CC4)C)OC)C5CCCC5"
42642645,"CXQHYVUVSFXTMY-UHFFFAOYSA-N","COC1=CC2=C(C=CN=C2C=C1OCCCN3CCOCC3)OC4=C(C=C(C=C4)NC(=O)C5(CC5)C(=O)NC6=CC=C(C=C6)F)F","COC1=CC2=C(C=CN=C2C=C1OCCCN3CCOCC3)OC4=C(C=C(C=C4)NC(=O)C5(CC5)C(=O)NC6=CC=C(C=C6)F)F"
44137675,"IRTDIKMSKMREGO-OAHLLOKOSA-N","CC1=CN2C(=O)C=C(N=C2C(=C1)C(C)NC3=CC=CC=C3C(=O)O)N4CCOCC4","CC1=CN2C(=O)C=C(N=C2C(=C1)[C@@H](C)NC3=CC=CC=C3C(=O)O)N4CCOCC4"
44143370,"PHNZIIMWDVXPGG-UHFFFAOYSA-N","CCN1CCC(CC1)N2C=C(N=N2)CNC3=CC4=C(C(=CN=C4C(=C3)Cl)C#N)NC5=CC(=C(C=C5)F)Cl","CCN1CCC(CC1)N2C=C(N=N2)CNC3=CC4=C(C(=CN=C4C(=C3)Cl)C#N)NC5=CC(=C(C=C5)F)Cl"
44182295,"RDSACQWTXKSHJT-NSHDSACASA-N","COC1=CC(=C(C(=C1NS(=O)(=O)C2(CC2)CC(CO)O)NC3=C(C=C(C=C3)I)F)F)F","COC1=CC(=C(C(=C1NS(=O)(=O)C2(CC2)C[C@@H](CO)O)NC3=C(C=C(C=C3)I)F)F)F"
44224257,"LLXISKGBWFTGEI-FQEVSTJZSA-N","CN(C(=O)N1C(SC(=N1)C2=C(C=CC(=C2)F)F)(CCCN)C3=CC=CC=C3)OC","CN(C(=O)N1[C@](SC(=N1)C2=C(C=CC(=C2)F)F)(CCCN)C3=CC=CC=C3)OC"
44442376,"XAEJIFARBQJLML-UHFFFAOYSA-N","C1CCC(=NNC2=NC(=CS2)C3=CC=C(C=C3)C#N)C1","C1CCC(=NNC2=NC(=CS2)C3=CC=C(C=C3)C#N)C1"
44462758,"TXGKRVFSSHPBAJ-JKSUJKDBSA-N","C1CCC(C(C1)N)NC2=NC=C(C(=N2)NC3=CC(=CC=C3)N4N=CC=N4)C(=O)N","C1CC[C@H]([C@H](C1)N)NC2=NC=C(C(=N2)NC3=CC(=CC=C3)N4N=CC=N4)C(=O)N"
44462760,"BFSMGDJOXZAERB-UHFFFAOYSA-N","CC(C)(C)C1=NC(=C(S1)C2=NC(=NC=C2)N)C3=C(C(=CC=C3)NS(=O)(=O)C4=C(C=CC=C4F)F)F","CC(C)(C)C1=NC(=C(S1)C2=NC(=NC=C2)N)C3=C(C(=CC=C3)NS(=O)(=O)C4=C(C=CC=C4F)F)F"
44551660,"ILBRKJBKDGCSCB-UHFFFAOYSA-N","COC1=C(C=C2C(=C1)C(=NC=N2)N3C(=NC(=N3)C4=CC=CC=N4)N)OC","COC1=C(C=C2C(=C1)C(=NC=N2)N3C(=NC(=N3)C4=CC=CC=N4)N)OC"
44631912,"RHXHGRAEPCAFML-UHFFFAOYSA-N","CN(C)C(=O)C1=CC2=CN=C(N=C2N1C3CCCC3)NC4=NC=C(C=C4)N5CCNCC5","CN(C)C(=O)C1=CC2=CN=C(N=C2N1C3CCCC3)NC4=NC=C(C=C4)N5CCNCC5"
44632017,"HLXSCTYHLQHQDJ-UHFFFAOYSA-N","COC1=CC=C(C=C1)C(=O)CC2(C3=C(C=CC(=C3NC2=O)Cl)Cl)O","COC1=CC=C(C=C1)C(=O)CC2(C3=C(C=CC(=C3NC2=O)Cl)Cl)O"
45168044,"UEJBOCXPGHSONP-UHFFFAOYSA-N","COC1=C(C2=CC=CC=C2C=C1)CN3C=NC4=C(C3=O)C5=C(S4)CC(CC5)NCC6=CN=CC=C6","COC1=C(C2=CC=CC=C2C=C1)CN3C=NC4=C(C3=O)C5=C(S4)CC(CC5)NCC6=CN=CC=C6"
45258277,"DHUAGGSHTKPOHU-UHFFFAOYSA-N","C1CSC2=C(C(=O)N1)SC3=C2C=C(C=C3)O","C1CSC2=C(C(=O)N1)SC3=C2C=C(C=C3)O"
46006640,"AEENEMOEBJOKGN-UHFFFAOYSA-N","CCC(C)CNCC(=O)N1CCC2=C(C1COC3=CC=CC(=C3)C)C=CS2","CCC(C)CNCC(=O)N1CCC2=C(C1COC3=CC=CC(=C3)C)C=CS2"
46191454,"HUXYBQXJVXOMKX-UHFFFAOYSA-N","CC(C)CC(=O)NC1=NNC2=C1CN(C2(C)C)C(=O)C3CCN(CC3)C","CC(C)CC(=O)NC1=NNC2=C1CN(C2(C)C)C(=O)C3CCN(CC3)C"
46192505,"WUCYRTXFXRZKSV-UHFFFAOYSA-N","CCNC(=O)NC1=NC=C(S1)C2=CC(=NC(=N2)C3=NC=CN=C3)C4=C(C=C(C=C4C)OC)C","CCNC(=O)NC1=NC=C(S1)C2=CC(=NC(=N2)C3=NC=CN=C3)C4=C(C=C(C=C4C)OC)C"
46224516,"QOECJCJVIMVJGX-UHFFFAOYSA-N","CC(C)N1CCC(CC1)NC2=NC(=NC3=CC(=C(C=C32)OC)OCCCN4CCCC4)C5CCCCC5","CC(C)N1CCC(CC1)NC2=NC(=NC3=CC(=C(C=C32)OC)OCCCN4CCCC4)C5CCCCC5"
46236925,"RAYNZUHYMMLQQA-ZEQRLZLVSA-N","CC1=CC2=C(C(=C(C=C2C(=C1C3=C(C4=CC(=C(C(=C4C=C3C)C(=O)NCC(C)C5=CC=CC=C5)O)O)O)O)O)O)C(=O)NCC(C)C6=CC=CC=C6","CC1=CC2=C(C(=C(C=C2C(=C1C3=C(C4=CC(=C(C(=C4C=C3C)C(=O)NC[C@H](C)C5=CC=CC=C5)O)O)O)O)O)O)C(=O)NC[C@H](C)C6=CC=CC=C6"
46244454,"SCGCBAAYLFTIJU-CQSZACIVSA-N","CC1COCCN1C2=NC(=NC(=C2)C3(CC3)S(=O)(=O)C)C4=C5C=CNC5=CC=C4","C[C@@H]1COCCN1C2=NC(=NC(=C2)C3(CC3)S(=O)(=O)C)C4=C5C=CNC5=CC=C4"
46843056,"YFQJOPFTGMHYNV-YDALLXLXSA-N","CN1C(=C(C=N1)Cl)C2=C(SC(=C2)C(=O)NC(CC3=CC(=CC=C3)F)CN)Cl.Cl","CN1C(=C(C=N1)Cl)C2=C(SC(=C2)C(=O)N[C@@H](CC3=CC(=CC=C3)F)CN)Cl.Cl"
46843057,"AFJRDFWMXUECEW-LBPRGKRZSA-N","CN1C(=C(C=N1)Cl)C2=C(SC(=C2)C(=O)NC(CC3=CC(=CC=C3)F)CN)Cl","CN1C(=C(C=N1)Cl)C2=C(SC(=C2)C(=O)N[C@@H](CC3=CC(=CC=C3)F)CN)Cl"
46843648,"KZLQLABUFJNPSZ-UHFFFAOYSA-N","CC1CC(=O)N(C2=CN=C(N=C2N1C3CCCC3)NC4=C(C=C(C=C4)C(=O)NC5CCN(CC5)C)OC)C","CC1CC(=O)N(C2=CN=C(N=C2N1C3CCCC3)NC4=C(C=C(C=C4)C(=O)NC5CCN(CC5)C)OC)C"
46843772,"QAPAJIZPZGWAND-UHFFFAOYSA-N","CCOC1=C(C=CC(=C1)N2CCC(CC2)O)NC3=NC=C4C(=N3)N(C5=CC=CC=C5C(=O)N4C)C","CCOC1=C(C=CC(=C1)N2CCC(CC2)O)NC3=NC=C4C(=N3)N(C5=CC=CC=C5C(=O)N4C)C"
46843906,"IWMCPJZTADUIFX-UHFFFAOYSA-N","CN1CCN(CC1)C2CCN(CC2)C(=O)C3=CC(=C(C=C3)NC4=NC=C5C(=N4)N(C6=CC=CC=C6C(=O)N5C)C)OC","CN1CCN(CC1)C2CCN(CC2)C(=O)C3=CC(=C(C=C3)NC4=NC=C5C(=N4)N(C6=CC=CC=C6C(=O)N5C)C)OC"
46844147,"DDTPGANIPBKTNU-UHFFFAOYSA-N","CN1CCN(CC1)C2=CC(=C(C=C2)NC3=NC=C4C(=N3)N(C5=CC=CC=C5C(=O)N4C)C)OC","CN1CCN(CC1)C2=CC(=C(C=C2)NC3=NC=C4C(=N3)N(C5=CC=CC=C5C(=O)N4C)C)OC"
46883536,"XEAOPVUAMONVLA-QGZVFWFLSA-N","C1=CC(=CC=C1S(=O)(=O)N(CC2=C(C=C(C=C2)C3=NOC=N3)F)C(CCC(F)(F)F)C(=O)N)Cl","C1=CC(=CC=C1S(=O)(=O)N(CC2=C(C=C(C=C2)C3=NOC=N3)F)[C@H](CCC(F)(F)F)C(=O)N)Cl"
46885626,"QTBWCSQGBMPECM-UHFFFAOYSA-N","CCN1C=C(C(=N1)C2=CC=C(C=C2)NC(=O)N(C)C)C3=C4C=C(NC4=NC=C3)C5=CC=CC(=C5)CN(C)C","CCN1C=C(C(=N1)C2=CC=C(C=C2)NC(=O)N(C)C)C3=C4C=C(NC4=NC=C3)C5=CC=CC(=C5)CN(C)C"
46893585,"JMEYDSHPKCSIJC-UHFFFAOYSA-N","CC(=O)N1CCN(CC1)CCOC2=CC=C(C=C2)C3CCN(CC3)C4=NN5C(=NN=C5C(F)(F)F)CC4","CC(=O)N1CCN(CC1)CCOC2=CC=C(C=C2)C3CCN(CC3)C4=NN5C(=NN=C5C(F)(F)F)CC4"
46907787,"DNVXATUJJDPFDM-KRWDZBQOSA-N","CC1=C(SC2=C1C(=NC(C3=NN=C(N32)C)CC(=O)OC(C)(C)C)C4=CC=C(C=C4)Cl)C","CC1=C(SC2=C1C(=N[C@H](C3=NN=C(N32)C)CC(=O)OC(C)(C)C)C4=CC=C(C=C4)Cl)C"
46911863,"JRWCBEOAFGHNNU-UHFFFAOYSA-N","CN1C=C(C=N1)C2=NN3C(=NN=C3C(C4=CC5=C(C=C4)N=CC=C5)(F)F)C=C2","CN1C=C(C=N1)C2=NN3C(=NN=C3C(C4=CC5=C(C=C4)N=CC=C5)(F)F)C=C2"
46926350,"PIMQWRZWLQKKBJ-SFHVURJKSA-N","CCC1=C2N=C(C=C(N2N=C1)NCC3=C[N+](=CC=C3)[O-])N4CCCCC4CCO","CCC1=C2N=C(C=C(N2N=C1)NCC3=C[N+](=CC=C3)[O-])N4CCCC[C@H]4CCO"
46926973,"XXYGTCZJJLTAGH-UHFFFAOYSA-N","CC1=CC(=CN=C1C2=CC(=NC=C2)C)CC(=O)NC3=NC=C(C=C3)C4=NC=CN=C4","CC1=CC(=CN=C1C2=CC(=NC=C2)C)CC(=O)NC3=NC=C(C=C3)C4=NC=CN=C4"
46930998,"HWUHTJIKQZZBRA-UHFFFAOYSA-N","C1CC(C1)(C2=CC=C(C=C2)C3=C(C=C4C(=N3)C=CN5C4=NNC5=O)C6=CC=CC=C6)N.Cl.Cl","C1CC(C1)(C2=CC=C(C=C2)C3=C(C=C4C(=N3)C=CN5C4=NNC5=O)C6=CC=CC=C6)N.Cl.Cl"
46931953,"RMAMGGNACJHXHO-UHFFFAOYSA-N","CC(=O)C1=CC(=C(S1)SC2=C(C=C(C=C2)F)F)[N+](=O)[O-]","CC(=O)C1=CC(=C(S1)SC2=C(C=C(C=C2)F)F)[N+](=O)[O-]"
46943432,"AAAQFGUYHFJNHI-SFHVURJKSA-N","CCNC(=O)CC1C2=NN=C(N2C3=C(C=C(C=C3)OC)C(=N1)C4=CC=C(C=C4)Cl)C","CCNC(=O)C[C@H]1C2=NN=C(N2C3=C(C=C(C=C3)OC)C(=N1)C4=CC=C(C=C4)Cl)C"
49806720,"KDGFLJKFZUIJMX-UHFFFAOYSA-N","CCC1=CC2=C(C=C1N3CCC(CC3)N4CCOCC4)C(C5=C(C2=O)C6=C(N5)C=C(C=C6)C#N)(C)C","CCC1=CC2=C(C=C1N3CCC(CC3)N4CCOCC4)C(C5=C(C2=O)C6=C(N5)C=C(C=C6)C#N)(C)C"
49821040,"OTPQDXLFXQGSHS-UHFFFAOYSA-N","CCC(=O)N(C)C1=CC=C(C=C1)NC2=NC3=C(C(=N2)NC4CCCN(C4)C(=O)C=C)NC=N3","CCC(=O)N(C)C1=CC=C(C=C1)NC2=NC3=C(C(=N2)NC4CCCN(C4)C(=O)C=C)NC=N3"
49831044,"LBVKEEFIPBQIMD-UHFFFAOYSA-N","CC(C)OC1=NNC(=C1)NC2=NC(=NC=C2Cl)NC(C)C3=NC=C(C=C3)F","CC(C)OC1=NNC(=C1)NC2=NC(=NC=C2Cl)NC(C)C3=NC=C(C=C3)F"
49836027,"AKCRNFFTGXBONI-UHFFFAOYSA-N","CCC(=O)N1CCN(CC1)C2=C(C=C(C=C2)N3C(=O)C=CC4=CN=C5C=CC(=CC5=C43)C6=CC7=CC=CC=C7N=C6)C(F)(F)F","CCC(=O)N1CCN(CC1)C2=C(C=C(C=C2)N3C(=O)C=CC4=CN=C5C=CC(=CC5=C43)C6=CC7=CC=CC=C7N=C6)C(F)(F)F"
49846579,"LQBVNQSMGBZMKD-UHFFFAOYSA-N","CC1(CCC(=C(C1)C2=CC=C(C=C2)Cl)CN3CCN(CC3)C4=CC(=C(C=C4)C(=O)NS(=O)(=O)C5=CC(=C(C=C5)NCC6CCOCC6)[N+](=O)[O-])OC7=CN=C8C(=C7)C=CN8)C","CC1(CCC(=C(C1)C2=CC=C(C=C2)Cl)CN3CCN(CC3)C4=CC(=C(C=C4)C(=O)NS(=O)(=O)C5=CC(=C(C=C5)NCC6CCOCC6)[N+](=O)[O-])OC7=CN=C8C(=C7)C=CN8)C"
49847690,"WLMCRYCCYXHPQF-ZVMUOSSASA-N","CC(C(=O)NC(C1CCCCC1)C(=O)N2CCCC2C(=O)NC3C(CC4=CC=CC=C34)OCC#CC#CCOC5CC6=CC=CC=C6C5NC(=O)C7CCCN7C(=O)C(C8CCCCC8)NC(=O)C(C)NC)NC","C[C@@H](C(=O)N[C@@H](C1CCCCC1)C(=O)N2CCC[C@H]2C(=O)N[C@@H]3[C@@H](CC4=CC=CC=C34)OCC#CC#CCO[C@@H]5CC6=CC=CC=C6[C@@H]5NC(=O)[C@@H]7CCCN7C(=O)[C@H](C8CCCCC8)NC(=O)[C@H](C)NC)NC"
51000408,"DUIHHZKTCSNTGM-UHFFFAOYSA-N","CS(=O)(=O)C1=CC=C(C=C1)C2=CN=C(C(=N2)C(=O)NC3=CC=CC=C3)N","CS(=O)(=O)C1=CC=C(C=C1)C2=CN=C(C(=N2)C(=O)NC3=CC=CC=C3)N"
51001932,"BEUQXVWXFDOSAQ-UHFFFAOYSA-N","CC1=NN(C(=N1)C2=CN3CCOC4=C(C3=N2)C=CC(=C4)C5=CN(N=C5)C(C)(C)C(=O)N)C(C)C","CC1=NN(C(=N1)C2=CN3CCOC4=C(C3=N2)C=CC(=C4)C5=CN(N=C5)C(C)(C)C(=O)N)C(C)C"
51039095,"VRQMAABPASPXMW-HDICACEKSA-N","CC1CN(CC(N1)C)C2=CC=C(C=C2)C(=O)NC3=NNC(=C3)CCC4=CC(=CC(=C4)OC)OC","C[C@@H]1CN(C[C@@H](N1)C)C2=CC=C(C=C2)C(=O)NC3=NNC(=C3)CCC4=CC(=CC(=C4)OC)OC"
51042438,"AXTAPYRUEKNRBA-JTQLQIEISA-N","CN1C(=C(C=N1)Cl)C2=C(OC(=C2)C(=O)NC(CC3=CC(=C(C=C3)F)F)CN)Cl","CN1C(=C(C=N1)Cl)C2=C(OC(=C2)C(=O)N[C@@H](CC3=CC(=C(C=C3)F)F)CN)Cl"
51358113,"GUXXEUUYCAYESJ-UHFFFAOYSA-N","C1=CC(=CC(=C1)N2C(=O)C=CC3=CN=C4C=CC(=CC4=C32)C5=CN=C(C=C5)N)C(F)(F)F","C1=CC(=CC(=C1)N2C(=O)C=CC3=CN=C4C=CC(=CC4=C32)C5=CN=C(C=C5)N)C(F)(F)F"
51371303,"FBLPQCAQRNSVHB-UHFFFAOYSA-N","CCC1=CN=CN=C1N2CCN(CC2)CC3=NC4=C(N3)C=C(C=C4)C(F)(F)F","CCC1=CN=CN=C1N2CCN(CC2)CC3=NC4=C(N3)C=C(C=C4)C(F)(F)F"
52912189,"VUVUVNZRUGEAHB-CYBMUJFWSA-N","CC1=C(C(=NO1)C)C2=C(C=C3C(=C2)N=CC4=C3N(C(=O)N4)C(C)C5=CC=CC=N5)OC","CC1=C(C(=NO1)C)C2=C(C=C3C(=C2)N=CC4=C3N(C(=O)N4)[C@H](C)C5=CC=CC=N5)OC"
52913813,"LMJFJIDLEAWOQJ-CQSZACIVSA-N","CC(C1=CC(=CC2=C1OC(=CC2=O)N3CCOCC3)C(=O)N(C)C)NC4=CC(=CC(=C4)F)F","C[C@H](C1=CC(=CC2=C1OC(=CC2=O)N3CCOCC3)C(=O)N(C)C)NC4=CC(=CC(=C4)F)F"
52918385,"BGBNULCRKBVAKL-UHFFFAOYSA-N","COCC1(C(=O)C2CCN1CC2)CO","COCC1(C(=O)C2CCN1CC2)CO"
53302361,"UMBFDGUGXMOMHX-BQYQJAHWSA-N","CCN1CCN(CC1)CC2=C(C=C(C=C2)NC(=O)C3=CC(=C(C=C3)C)C=CC4=CN=C5C(=C4OC)C=CN5)C(F)(F)F","CCN1CCN(CC1)CC2=C(C=C(C=C2)NC(=O)C3=CC(=C(C=C3)C)/C=C/C4=CN=C5C(=C4OC)C=CN5)C(F)(F)F"
53315436,"LDFAJFPHFKEJOI-UHFFFAOYSA-N","CN1CCN(CC1)C2=NC3=CC(=C(C=C3C(=N2)NC4CCN(CC4)CC5=CC=CC=C5)OC)OC","CN1CCN(CC1)C2=NC3=CC(=C(C=C3C(=N2)NC4CCN(CC4)CC5=CC=CC=C5)OC)OC"
53315878,"RNAMYOYQYRYFQY-UHFFFAOYSA-N","CC(C)N1CCC(CC1)NC2=NC(=NC3=CC(=C(C=C32)OC)OCCCN4CCCC4)N5CCC(CC5)(F)F","CC(C)N1CCC(CC1)NC2=NC(=NC3=CC(=C(C=C32)OC)OCCCN4CCCC4)N5CCC(CC5)(F)F"
53340664,"SMPGEBOIKULBCT-UHFFFAOYSA-N","CCN1CCN(CC1)CC2=C(C=C(C=C2)NC(=O)C3=CC(=C(C=C3)C)OC4=C5C=CNC5=NC=C4)C(F)(F)F","CCN1CCN(CC1)CC2=C(C=C(C=C2)NC(=O)C3=CC(=C(C=C3)C)OC4=C5C=CNC5=NC=C4)C(F)(F)F"
53340666,"QGZYDVAGYRLSKP-UHFFFAOYSA-N","C1=CC=C(C=C1)N(C2=CC=CC=C2)C3=NC=C(C=N3)C(=O)NCCCCCCC(=O)NO","C1=CC=C(C=C1)N(C2=CC=CC=C2)C3=NC=C(C=N3)C(=O)NCCCCCCC(=O)NO"
53413272,"NVNJKIYSHBFHQG-UHFFFAOYSA-M","CC(C)(C(=O)[O-])P(=O)(O)OC","CC(C)(C(=O)[O-])P(=O)(O)OC"
53469448,"SIXVRXARNAVBTC-UHFFFAOYSA-N","CN1C=C(C2=C(N=CN=C21)N)C3=CC4=C(C=C3)N(CC4)C(=O)CC5=CC(=CC=C5)C(F)(F)F","CN1C=C(C2=C(N=CN=C21)N)C3=CC4=C(C=C3)N(CC4)C(=O)CC5=CC(=CC=C5)C(F)(F)F"
54670067,"CIWBSHSKHKDKBQ-JLAZNSOCSA-N","C(C(C1C(=C(C(=O)O1)O)O)O)O","C([C@@H]([C@@H]1C(=C(C(=O)O1)O)O)O)O"
54676905,"UVSVTDVJQAJIFG-VURMDHGXSA-N","CC(=C(C#N)C(=O)NC1=C(C=CC(=C1)Br)Br)O","C/C(=C(\C#N)/C(=O)NC1=C(C=CC(=C1)Br)Br)/O"
54685215,"CAOSCCRYLYQBES-UHFFFAOYSA-N","C1=CC=C(C=C1)CN2C3=CC=CC=C3C(=C(C2=O)C(=O)NCC(=O)O)O","C1=CC=C(C=C1)CN2C3=CC=CC=C3C(=C(C2=O)C(=O)NCC(=O)O)O"
54761306,"OHUHVTCQTUDPIJ-JYCIKRDWSA-N","CC1COCCN1C2=NC(=NC(=C2)C3(CC3)S(=N)(=O)C)C4=C5C=CNC5=NC=C4","C[C@@H]1COCCN1C2=NC(=NC(=C2)C3(CC3)[S@](=N)(=O)C)C4=C5C=CNC5=NC=C4"
56599306,"QINPEPAQOBZPOF-UHFFFAOYSA-N","CC(C)(C(=O)NC1=CC(=CC=C1)S(=O)(=O)NC2=NC3=CC=CC=C3N=C2NC4=C(C=CC(=C4)OC)Cl)N","CC(C)(C(=O)NC1=CC(=CC=C1)S(=O)(=O)NC2=NC3=CC=CC=C3N=C2NC4=C(C=CC(=C4)OC)Cl)N"
56645356,"FNYGWXSATBUBER-UHFFFAOYSA-N","CC1=CC=CC=C1C(C(=O)NC2CCCCC2)N(C3=CC(=CC=C3)F)C(=O)CN4C=CN=C4C","CC1=CC=CC=C1C(C(=O)NC2CCCCC2)N(C3=CC(=CC=C3)F)C(=O)CN4C=CN=C4C"
56649450,"STUWGJZDJHPWGZ-LBPRGKRZSA-N","CC1=C(SC(=N1)NC(=O)N2CCCC2C(=O)N)C3=CC(=NC=C3)C(C)(C)C(F)(F)F","CC1=C(SC(=N1)NC(=O)N2CCC[C@H]2C(=O)N)C3=CC(=NC=C3)C(C)(C)C(F)(F)F"
56941241,"BURHGPHDEVGCEZ-KJGLQBJMSA-N","CCC(=C(C1=CC=C(C=C1)C=CC(=O)O)C2=CC3=C(C=C2)NN=C3)C4=C(C=C(C=C4)F)Cl","CC/C(=C(/C1=CC=C(C=C1)/C=C/C(=O)O)\C2=CC3=C(C=C2)NN=C3)/C4=C(C=C(C=C4)F)Cl"
56962336,"WXRGFPHDRFQODR-ICLZECGLSA-N","CC(C)N(CCCNC(=O)NC1=CC=C(C=C1)C(C)(C)C)CC2C(C(C(O2)N3C=CC4=C(N=CN=C43)N)O)O","CC(C)N(CCCNC(=O)NC1=CC=C(C=C1)C(C)(C)C)C[C@@H]2[C@H]([C@H]([C@@H](O2)N3C=CC4=C(N=CN=C43)N)O)O"
56962337,"IQCKJUKAQJINMK-HUBRGWSESA-N","CC(C)N(CCCNC(=O)NC1=CC=C(C=C1)C(C)(C)C)CC2C(C(C(O2)N3C=C(C4=C(N=CN=C43)N)Br)O)O","CC(C)N(CCCNC(=O)NC1=CC=C(C=C1)C(C)(C)C)C[C@@H]2[C@H]([C@H]([C@@H](O2)N3C=C(C4=C(N=CN=C43)N)Br)O)O"
56965967,"GCWCGSPBENFEPE-UHFFFAOYSA-N","C1=CC=C(C=C1)C(COC2=CC3=C(C=C2)NC(=O)N3)NC(=O)C4=CC=CN(C4=O)CC5=CC(=C(C=C5)F)F","C1=CC=C(C=C1)C(COC2=CC3=C(C=C2)NC(=O)N3)NC(=O)C4=CC=CN(C4=O)CC5=CC(=C(C=C5)F)F"
57339144,"PQOOIERVZAXHBP-UHFFFAOYSA-N","C1CCN(C1)C2CCN(CC2)C(=O)C3=CC(=C(C=C3)C(=O)N4CCC(CC4)N5CCCC5)NC6=CC=CC=C6","C1CCN(C1)C2CCN(CC2)C(=O)C3=CC(=C(C=C3)C(=O)N4CCC(CC4)N5CCCC5)NC6=CC=CC=C6"
57340680,"VZEONOGFXYTZGT-WEVVVXLNSA-N","CN(C)CC=CC(=O)NC1=CC=C(C=C1)C(=O)NC2=CC=CC(=C2)NC3=NC=CC(=N3)C4=CN=CC=C4","CN(C)C/C=C/C(=O)NC1=CC=C(C=C1)C(=O)NC2=CC=CC(=C2)NC3=NC=CC(=N3)C4=CN=CC=C4"
57345410,"LXFOLMYKSYSZQS-XKHGBIBOSA-N","CC(C)N(CC1C(C(C(O1)N2C=NC3=C(N=CN=C32)N)O)O)C4CC(C4)CCC5=NC6=C(N5)C=C(C=C6)C(C)(C)C","CC(C)N(C[C@@H]1[C@H]([C@H]([C@@H](O1)N2C=NC3=C(N=CN=C32)N)O)O)C4CC(C4)CCC5=NC6=C(N5)C=C(C=C6)C(C)(C)C"
57519544,"KHZOJCQBHJUJFY-UHFFFAOYSA-N","CC1=NC=CC(=C1)C2=CC=C(C=C2)CC(=O)NC3=CC=C(C=C3)C4=CN=CC=C4","CC1=NC=CC(=C1)C2=CC=C(C=C2)CC(=O)NC3=CC=C(C=C3)C4=CN=CC=C4"
58423153,"MCUJKPPARUPFJM-UWCCDQBKSA-N","C1CC(CN(C1)C2=C(C=CC=C2C3=CC=CC=C3)C=C4C(=O)NC(=O)S4)N","C1C[C@H](CN(C1)C2=C(C=CC=C2C3=CC=CC=C3)/C=C\4/C(=O)NC(=O)S4)N"
58525121,"PDSFQQWASKSYPY-UHFFFAOYSA-N","C1CN(CCN1)C2=C(C=C(C=C2)N3C(=O)C=CC4=CN=C5C=CC(=CC5=C43)C6=CN=C(N=C6)N)Cl","C1CN(CCN1)C2=C(C=C(C=C2)N3C(=O)C=CC4=CN=C5C=CC(=CC5=C43)C6=CN=C(N=C6)N)Cl"
59472121,"JZCWLJDSIRUGIN-UHFFFAOYSA-N","CC(C)S(=O)(=O)C1=CC=C(C=C1)C2=CN=C(C(=N2)C3=CC(=NO3)C4=CC=C(C=C4)CNC)N","CC(C)S(=O)(=O)C1=CC=C(C=C1)C2=CN=C(C(=N2)C3=CC(=NO3)C4=CC=C(C=C4)CNC)N"
59473233,"XSMSNFMDVXXHGJ-UHFFFAOYSA-N","C1COCCN1C2=CC=C(C=C2)NC3=NC(=CN4C3=NC=C4)C5=CC6=C(C=C5)C=NN6","C1COCCN1C2=CC=C(C=C2)NC3=NC(=CN4C3=NC=C4)C5=CC6=C(C=C5)C=NN6"
60167849,"VUIRVWPJNKZOSS-UHFFFAOYSA-N","CC1=CN=C(N=C1NCC2=CC=C(C=C2)N3C=CN=N3)C4=CC=CC=C4C(C)C","CC1=CN=C(N=C1NCC2=CC=C(C=C2)N3C=CN=N3)C4=CC=CC=C4C(C)C"
66577006,"CKUFOBCNTCLXJP-UHFFFAOYSA-N","CC1=C(C=C(C=C1)NC2=NC=NC(=C2)C3=CC(=CC=C3)N4C(=O)C5=CC=CC=C5C4=O)NS(=O)(=O)C","CC1=C(C=C(C=C1)NC2=NC=NC(=C2)C3=CC(=CC=C3)N4C(=O)C5=CC=CC=C5C4=O)NS(=O)(=O)C"
66577015,"DGPLYAXBXJXEID-UHFFFAOYSA-N","C1COCCN1C2=NC(=NC(=C2)C3=CN=C(C=C3C(F)(F)F)N)N4CCOCC4.Cl","C1COCCN1C2=NC(=NC(=C2)C3=CN=C(C=C3C(F)(F)F)N)N4CCOCC4.Cl"
66577038,"NPUXORBZRBIOMQ-RUZDIDTESA-N","CC1=CC(=CC(=C1)OCC2=CC=C(C=C2)CN3CCCC3CO)CS(=O)(=O)C4=CC=CC=C4","CC1=CC(=CC(=C1)OCC2=CC=C(C=C2)CN3CCC[C@@H]3CO)CS(=O)(=O)C4=CC=CC=C4"
68107965,"WCIGMFCFPXZRMQ-UHFFFAOYSA-N","C1=CC=C(C=C1)COC2=C(C=C(C=C2)C3=CC(=NC=C3)F)C(=O)NC4=CN=CC=C4","C1=CC=C(C=C1)COC2=C(C=C(C=C2)C3=CC(=NC=C3)F)C(=O)NC4=CN=CC=C4"
68234129,"WBLZCNIEEVRRTG-UHFFFAOYSA-N","C1CC1C(=O)NC2=NNC3=C2C=CC(=C3)C4=CC(=CC=C4)C(=O)NC5CC5","C1CC1C(=O)NC2=NNC3=C2C=CC(=C3)C4=CC(=CC=C4)C(=O)NC5CC5"
68289010,"XYDNMOZJKOGZLS-NSHDSACASA-N","CC(C1=CN2C=CN=C2C=C1)N3C4=NC(=CN=C4N=N3)C5=CN(N=C5)C","C[C@@H](C1=CN2C=CN=C2C=C1)N3C4=NC(=CN=C4N=N3)C5=CN(N=C5)C"
68947304,"KWRYMZHCQIOOEB-LBPRGKRZSA-N","CC(C1=C(N=C2C=C(C=CC2=C1)F)C3=CC=CC=N3)NC4=NC=NC5=C4NC=N5","C[C@@H](C1=C(N=C2C=C(C=CC2=C1)F)C3=CC=CC=N3)NC4=NC=NC5=C4NC=N5"
69923936,"VVTHOUCIAGHQBD-UHFFFAOYSA-N","COC1=CC(=CC(=C1)C2=CC3=C4C(=CN=C3C=C2)C=CC(=O)N4C5=CC(=C(C=C5)N6CCNCC6)C(F)(F)F)OC","COC1=CC(=CC(=C1)C2=CC3=C4C(=CN=C3C=C2)C=CC(=O)N4C5=CC(=C(C=C5)N6CCNCC6)C(F)(F)F)OC"
70676303,"XOZLHJMDLKDZAL-UHFFFAOYSA-N","CC1=C(SC2=C1N=C(N=C2N3CCOCC3)C4=CN=C(N=C4)N)C5(COC5)OC","CC1=C(SC2=C1N=C(N=C2N3CCOCC3)C4=CN=C(N=C4)N)C5(COC5)OC"
70983932,"IVDUVEGCMXCMSO-FQEVSTJZSA-N","CC1=C(C=C(C=N1)Cl)NCC2=CC=C(S2)C(=O)NC(CC3CCCC3)C(=O)NC4CC4","CC1=C(C=C(C=N1)Cl)NCC2=CC=C(S2)C(=O)N[C@@H](CC3CCCC3)C(=O)NC4CC4"
71268957,"ULNXAWLQFZMIHX-UHFFFAOYSA-N","CCCC1=C(C(=O)NC(=C1)C)CNC(=O)C2=C3C=NN(C3=CC(=C2)C4=CC(=NC=C4)N5CCN(CC5)C)C(C)C","CCCC1=C(C(=O)NC(=C1)C)CNC(=O)C2=C3C=NN(C3=CC(=C2)C4=CC(=NC=C4)N5CCN(CC5)C)C(C)C"
71271629,"TXZPMHLMPKIUGK-UHFFFAOYSA-N","CN1CC2=C(C=CC(=C2)NS(=O)(=O)C3=CC=CC=C3OC)NC1=O","CN1CC2=C(C=CC(=C2)NS(=O)(=O)C3=CC=CC=C3OC)NC1=O"
71297207,"JKMWZKPAXZBYEH-JWHWKPFMSA-N","C1CC2=C(C=C(C=C2)C3=NC(=C(S3)CCCOC4=CC=C(C=C4)CN)C(=O)O)C(=NNC5=NC6=CC=CC=C6S5)C1","C1CC2=C(C=C(C=C2)C3=NC(=C(S3)CCCOC4=CC=C(C=C4)CN)C(=O)O)/C(=N/NC5=NC6=CC=CC=C6S5)/C1"
71299339,"CCAWRGNYALGPQH-UHFFFAOYSA-N","C1CC1NS(=O)(=O)C2=CC(=C(C=C2)C3=CSC=C3)NC(=O)NC4=CC=CC(=C4)C(F)(F)F","C1CC1NS(=O)(=O)C2=CC(=C(C=C2)C3=CSC=C3)NC(=O)NC4=CC=CC(=C4)C(F)(F)F"
71496458,"DUYJMQONPNNFPI-UHFFFAOYSA-N","CN1C=C(C2=CC=CC=C21)C3=NC(=NC=C3)NC4=C(C=C(C(=C4)NC(=O)C=C)N(C)CCN(C)C)OC","CN1C=C(C2=CC=CC=C21)C3=NC(=NC=C3)NC4=C(C=C(C(=C4)NC(=O)C=C)N(C)CCN(C)C)OC"
71522234,"BASFYRLYJAZPPL-UONOGXRCSA-N","C1CNCCC1NC2CC2C3=CC=CC=C3","C1CNCCC1N[C@@H]2C[C@H]2C3=CC=CC=C3"
71550931,"DDLPXZXBWGJRGK-UHFFFAOYSA-N","CCC1=C(C=C(C=C1)C(=O)NC2=CC(=CC(=C2)C(F)(F)F)CN3CCN(CC3)C)C#CC4=CN5C(=CC=N5)N=C4","CCC1=C(C=C(C=C1)C(=O)NC2=CC(=CC(=C2)C(F)(F)F)CN3CCN(CC3)C)C#CC4=CN5C(=CC=N5)N=C4"
71576693,"SFMJNHNUOVADRW-UHFFFAOYSA-N","CC1=C(C=C(C=C1)N2C(=O)C=CC3=CN=C4C=CC(=CC4=C32)C5=CC=C(C=C5)NS(=O)(=O)C)NC(=O)C=C","CC1=C(C=C(C=C1)N2C(=O)C=CC3=CN=C4C=CC(=CC4=C32)C5=CC=C(C=C5)NS(=O)(=O)C)NC(=O)C=C"
71729975,"WBKCKEHGXNWYMO-UHFFFAOYSA-N","CCOC(=O)CCNC1=CC(=NC(=N1)C2=CC=CC=N2)N3CCC4=CC=CC=C4CC3","CCOC(=O)CCNC1=CC(=NC(=N1)C2=CC=CC=N2)N3CCC4=CC=CC=C4CC3"
71748056,"RTRNJQOBEOISFQ-UHFFFAOYSA-N","CN1C=C(C=N1)C2=CC3=C4C(=CN=C3C=C2)C=CC(=O)N4C5=CC6=C(CCN6C(=O)C=C)C=C5","CN1C=C(C=N1)C2=CC3=C4C(=CN=C3C=C2)C=CC(=O)N4C5=CC6=C(CCN6C(=O)C=C)C=C5"
71755761,"ASYCTHXAPLLLSZ-UHFFFAOYSA-N","C1CNCCC1C2=CC(=NN2)C3=CC=NC=C3.Cl.Cl","C1CNCCC1C2=CC(=NN2)C3=CC=NC=C3.Cl.Cl"
72200024,"SDGJBAUIGHSMRI-UHFFFAOYSA-N","CCC(=O)NC1=CC(=CC=C1)OC2=NC(=NC=C2Cl)NC3=C(C=C(C=C3)N4CCN(CC4)C)OC","CCC(=O)NC1=CC(=CC=C1)OC2=NC(=NC=C2Cl)NC3=C(C=C(C=C3)N4CCN(CC4)C)OC"
72201027,"GEPYBHCJBORHCE-SFHVURJKSA-N","CC1=C(C(=NO1)C)C2=CC3=C(C=C2)N(C(=N3)CCC4=CC(=C(C=C4)OC)Cl)CC(C)N5CCOCC5","CC1=C(C(=NO1)C)C2=CC3=C(C=C2)N(C(=N3)CCC4=CC(=C(C=C4)OC)Cl)C[C@H](C)N5CCOCC5"
72943187,"UYBRROMMFMPJAN-UHFFFAOYSA-N","CCOC(=O)NC1=CC(=NN2C1=NN=C2C)C3=CC(=C(C=C3)C)NS(=O)(=O)C","CCOC(=O)NC1=CC(=NN2C1=NN=C2C)C3=CC(=C(C=C3)C)NS(=O)(=O)C"
73010930,"KHWCPNJRJCNVRI-UHFFFAOYSA-N","CCCOC1=CC2=C(C=C(N2C=C1)C(=O)C)C3=CC=CC=C3S(=O)(=O)C","CCCOC1=CC2=C(C=C(N2C=C1)C(=O)C)C3=CC=CC=C3S(=O)(=O)C"
73265211,"UISRWLSAXIOCND-UHFFFAOYSA-N","CN1CCN(CC1)C2=CC(=C(C=C2)NC3=NC(=C(S3)C(=O)C4=C(C=CC=C4Cl)Cl)N)OC","CN1CCN(CC1)C2=CC(=C(C=C2)NC3=NC(=C(S3)C(=O)C4=C(C=CC=C4Cl)Cl)N)OC"
73265214,"UASQUKUDXJFTCO-UHFFFAOYSA-N","CC1=C(C=C(C=C1)C(=O)NC2=CC(=CC(=C2)NC(=O)C=C)C(F)(F)F)NC(=O)C3=CC=NO3","CC1=C(C=C(C=C1)C(=O)NC2=CC(=CC(=C2)NC(=O)C=C)C(F)(F)F)NC(=O)C3=CC=NO3"
73555129,"JFIFBWVNHLXJFY-UHFFFAOYSA-N","C=CC(=O)N1CCN(CC1)C(=O)CNC2=CC(=C(C=C2O)Cl)I","C=CC(=O)N1CCN(CC1)C(=O)CNC2=CC(=C(C=C2O)Cl)I"
73707530,"JMVDIGHUQAXWIE-UHFFFAOYSA-N","CC1=C(C=C(C=C1)N2C(=O)C=CC3=CN=C4C=CC(=CC4=C32)C5=CNN=C5)NC(=O)C=C","CC1=C(C=C(C=C1)N2C(=O)C=CC3=CN=C4C=CC(=CC4=C32)C5=CNN=C5)NC(=O)C=C"
76285486,"BKCDJTRMYWSXMC-UHFFFAOYSA-N","COC1=C(C=C2C(=C1)C3(CCC3)C(=N2)N)OCCCN4CCCC4","COC1=C(C=C2C(=C1)C3(CCC3)C(=N2)N)OCCCN4CCCC4"
76685059,"ZGRDYKFVDCFJCZ-UHFFFAOYSA-N","CCN1C(=NC(=N1)C2CCN(CC2)C(=O)CCO)C3=CN=C(C(=N3)C4=NN=C(O4)C(C)(C)C)N","CCN1C(=NC(=N1)C2CCN(CC2)C(=O)CCO)C3=CN=C(C(=N3)C4=NN=C(O4)C(C)(C)C)N"
77232197,"GBMIFBVLJSCVJT-UHFFFAOYSA-N","C1CCC(C1)C2=CC(=NN2)NC3=NC(=NC=C3)NC4=CC=C(C=C4)NC(=O)NC5=CC=CC(=C5)C(F)(F)F","C1CCC(C1)C2=CC(=NN2)NC3=NC(=NC=C3)NC4=CC=C(C=C4)NC(=O)NC5=CC=CC(=C5)C(F)(F)F"
78209992,"MXDSJQHFFDGFDK-CYBMUJFWSA-N","CC1CN(CCN1C(=O)OC2=C(C=C3C(=C2)C(=NC=N3)NC4=C(C(=CC=C4)Cl)F)OC)C","C[C@@H]1CN(CCN1C(=O)OC2=C(C=C3C(=C2)C(=NC=N3)NC4=C(C(=CC=C4)Cl)F)OC)C"
78243717,"INAICWLVUAKEPB-QSTFCLMHSA-N","C1C2CN(C1CN2C3=CC=CC=N3)C=CC(=O)C4=CC=CC=C4O","C1[C@@H]2CN([C@H]1CN2C3=CC=CC=N3)/C=C/C(=O)C4=CC=CC=C4O"
78357767,"WEXCGGWTIDNVNT-UHFFFAOYSA-N","COC1=C(C=C2C(=C1)C(=NC(=N2)N3CCCC3)NCCCCCN4CCCC4)OC","COC1=C(C=C2C(=C1)C(=NC(=N2)N3CCCC3)NCCCCCN4CCCC4)OC"
85668777,"LVVRHAVPVOVPGG-UHFFFAOYSA-N","CC1(C(=C)N(C2=CC=CC=C21)CCCCCC(=O)O)C","CC1(C(=C)N(C2=CC=CC=C21)CCCCCC(=O)O)C"
90488984,"YKNAKDFZAWQEEO-IBGZPJMESA-N","CCC(=O)N1CCOC2=C(C1)C=C(C=C2OCC3CCCN(C3)C)C4=CC(=C(C=C4)OC)OC","CCC(=O)N1CCOC2=C(C1)C=C(C=C2OC[C@H]3CCCN(C3)C)C4=CC(=C(C=C4)OC)OC"
91668541,"WRUWGLUCNBMGPS-UHFFFAOYSA-N","CCN1C=C(C2=C(C1=O)C=C(S2)C(=NC3CCS(=O)(=O)CC3)N)C4=CC(=CC=C4)C(F)(F)F","CCN1C=C(C2=C(C1=O)C=C(S2)C(=NC3CCS(=O)(=O)CC3)N)C4=CC(=CC=C4)C(F)(F)F"
117072552,"TWKYXZSXXXKKJU-FQEVSTJZSA-N","C1CC(C1)NC2=NC=CC(=C2)C(=O)NCC(CN3CCC4=CC=CC=C4C3)O","C1CC(C1)NC2=NC=CC(=C2)C(=O)NC[C@@H](CN3CCC4=CC=CC=C4C3)O"
117918919,"UIQNMIISGRIHIY-UHFFFAOYSA-N","CC(C)C(=O)NC1=NC=C(S1)C2=C(C=NC=C2)C3=C(C=C(C=C3)OC)C(F)(F)F","CC(C)C(=O)NC1=NC=C(S1)C2=C(C=NC=C2)C3=C(C=C(C=C3)OC)C(F)(F)F"
117918970,"QYDBOFPHPMYWDO-UHFFFAOYSA-N","CC1=CC(=C(C=C1)C2=C(C=CN=C2)C3=CN=C(S3)NC4=CC=C(C=C4)O)Cl","CC1=CC(=C(C=C1)C2=C(C=CN=C2)C3=CN=C(S3)NC4=CC=C(C=C4)O)Cl"
117996541,"RZQWMJAOUJLEAM-UHFFFAOYSA-N","CC1=C(C=C(C=C1)NC(=O)C2=CC3=C(C=C2)OCCO3)NC(=O)C4=CC5=C(C=C4)N=C(C=C5)C","CC1=C(C=C(C=C1)NC(=O)C2=CC3=C(C=C2)OCCO3)NC(=O)C4=CC5=C(C=C4)N=C(C=C5)C"
118693659,"RSMYFSPOTCDHHJ-GOSISDBHSA-N","CC1C(=O)N(CCN1CCOC2=CC=C(C=C2)C3CCN(CC3)C4=NN5C(=NN=C5OC)C=C4)C","C[C@@H]1C(=O)N(CCN1CCOC2=CC=C(C=C2)C3CCN(CC3)C4=NN5C(=NN=C5OC)C=C4)C"
118704762,"YUYJEQHNWKQNBT-UHFFFAOYSA-N","C1COCCN1C2=CC=C(C=C2)C3=C(C=NC=C3)C4=CC(=C(C(=C4)F)O)F","C1COCCN1C2=CC=C(C=C2)C3=C(C=NC=C3)C4=CC(=C(C(=C4)F)O)F"
121271792,"BFTKDWYIRJGJCA-CYBMUJFWSA-N","CC1CC(=O)NC2=CC=CC(=C2N1)C3=CC4=C(C=C3)N(N=C4C5=CN(N=C5)C)C","C[C@@H]1CC(=O)NC2=CC=CC(=C2N1)C3=CC4=C(C=C3)N(N=C4C5=CN(N=C5)C)C"
122540908,"TVFIFFUSHZDTKT-UHFFFAOYSA-N","CC(C)(C)C(=O)OCOP(=O)(C1CCCN(C1=O)O)OCOC(=O)C(C)(C)C","CC(C)(C)C(=O)OCOP(=O)(C1CCCN(C1=O)O)OCOC(=O)C(C)(C)C"
131634760,"KBQCEQAXHPIRTF-UHFFFAOYSA-N","CC1=C2C(=NN1C)CSCC3=NN(C(=C3)CSC4=CC5=CC=CC=C5C(=C4)OCCCC6=C(N(C7=C6C=CC(=C27)Cl)C)C(=O)O)C","CC1=C2C(=NN1C)CSCC3=NN(C(=C3)CSC4=CC5=CC=CC=C5C(=C4)OCCCC6=C(N(C7=C6C=CC(=C27)Cl)C)C(=O)O)C"
132275018,"UELSMLDRSQFVHG-FQEVSTJZSA-N","C1CCNC2(C1)CCCN(C2)C3=C4C(=CNC4=NC=C3)C5=NC=NC=C5","C1CCN[C@@]2(C1)CCCN(C2)C3=C4C(=CNC4=NC=C3)C5=NC=NC=C5"
135398738,"FDKXTQMXEQVLRF-ZHACJKMWSA-N","CN(C)N=NC1=C(NC=N1)C(=O)N","CN(C)/N=N/C1=C(NC=N1)C(=O)N"
135402034,"NYHBQMYGNKIUIF-UHFFFAOYSA-N","C1=NC2=C(N1C3C(C(C(O3)CO)O)O)N=C(NC2=O)N","C1=NC2=C(N1C3C(C(C(O3)CO)O)O)N=C(NC2=O)N"
135410875,"WBXPDJSOTKVWSJ-ZDUSSCGKSA-N","C1=CC(=CC=C1CCC2=CNC3=C2C(=O)NC(=N3)N)C(=O)NC(CCC(=O)O)C(=O)O","C1=CC(=CC=C1CCC2=CNC3=C2C(=O)NC(=N3)N)C(=O)N[C@@H](CCC(=O)O)C(=O)O"
135423438,"CPMDPSXJELVGJG-UHFFFAOYSA-N","CN1CCN(CC1)CC(=O)N(C)C2=CC=C(C=C2)N=C(C3=CC=CC=C3)C4=C(NC5=C4C=CC(=C5)C(=O)OC)O","CN1CCN(CC1)CC(=O)N(C)C2=CC=C(C=C2)N=C(C3=CC=CC=C3)C4=C(NC5=C4C=CC(=C5)C(=O)OC)O"
135691163,"RGGFUBMUOVFZEF-CQPAABLISA-N","CC1=CSC(=NC2CCCCC2)N1N=CC3=C(C(=C(C=C3)O)O)O","CC1=CSC(=NC2CCCCC2)N1/N=C/C3=C(C(=C(C=C3)O)O)O"
137319711,"YBHQCJILTOVLHD-YVMONPNESA-N","C1=CC(=CC=C1C=C2C(=O)NC(=N)S2)O","C1=CC(=CC=C1/C=C\2/C(=O)NC(=N)S2)O"
92577,"XGMFVZOKHBRUTL-UHFFFAOYSA-N","C1=CC2=C(C=C(C(=C2N=C1)O)N=NC3=CC4=C(C=C3)C=C(C=C4)S(=O)(=O)O)S(=O)(=O)O","C1=CC2=C(C=C(C(=C2N=C1)O)N=NC3=CC4=C(C=C3)C=C(C=C4)S(=O)(=O)O)S(=O)(=O)O"
984170,"OWPMENVYXDJDOW-UHFFFAOYSA-N","CCC1=CC(=C(C=C1O)O)C2=NNC(=C2C3=CC4=C(C=C3)OCCO4)C","CCC1=CC(=C(C=C1O)O)C2=NNC(=C2C3=CC4=C(C=C3)OCCO4)C"
5284616,"QFJCIRLUMZQUOT-HPLJOQBZSA-N","CC1CCC2CC(C(=CC=CC=CC(CC(C(=O)C(C(C(=CC(C(=O)CC(OC(=O)C3CCCCN3C(=O)C(=O)C1(O2)O)C(C)CC4CCC(C(C4)OC)O)C)C)O)OC)C)C)C)OC","C[C@@H]1CC[C@H]2C[C@@H](/C(=C/C=C/C=C/[C@H](C[C@H](C(=O)[C@@H]([C@@H](/C(=C/[C@H](C(=O)C[C@H](OC(=O)[C@@H]3CCCCN3C(=O)C(=O)[C@@]1(O2)O)[C@H](C)C[C@@H]4CC[C@H]([C@@H](C4)OC)O)C)/C)O)OC)C)C)/C)OC"
49850262,"GOVYBPLHWIEHEJ-UHFFFAOYSA-N","CN1CCC2=C(C1)C3=CC=CC=C3N2CC4=CC=C(C=C4)C(=O)NO","CN1CCC2=C(C1)C3=CC=CC=C3N2CC4=CC=C(C=C4)C(=O)NO"
135398501,"IWCQHVUQEFDRIW-UHFFFAOYSA-N","C1CN(CCC1N2C3=CC=CC=C3NC2=O)CC4=CC=C(C=C4)C5=C(N=C6C=C7C(=NC=N7)C=C6N5)C8=CC=CC=C8","C1CN(CCC1N2C3=CC=CC=C3NC2=O)CC4=CC=C(C=C4)C5=C(N=C6C=C7C(=NC=N7)C=C6N5)C8=CC=CC=C8"
135398516,"JROFGZPOBKIAEW-UHFFFAOYSA-N","COC1=CC=CC2=C1NC(=C2)C3=C4C(=NC=NN4C(=N3)C5CCC(CC5)C(=O)O)N","COC1=CC=CC2=C1NC(=C2)C3=C4C(=NC=NN4C(=N3)C5CCC(CC5)C(=O)O)N"
135400873,"XOLMRFUGOINFDQ-YBEGLDIGSA-N","C1=CC2=C(C=CC(=C2)C=C3C(=O)NC(=NCC4=CC=CS4)S3)N=C1","C1=CC2=C(C=CC(=C2)/C=C\3/C(=O)NC(=NCC4=CC=CS4)S3)N=C1"
135418940,"KLGQSVMIPOVQAX-UHFFFAOYSA-N","C1CSCC2=C1N=C(NC2=O)C3=CC=C(C=C3)C(F)(F)F","C1CSCC2=C1N=C(NC2=O)C3=CC=C(C=C3)C(F)(F)F"
135421197,"YQNRVGJCPCNMKT-LFVJCYFKSA-N","C=CCC1=C(C(=CC=C1)C=NNC(=O)CN2CCN(CC2)CC3=CC=CC=C3)O","C=CCC1=C(C(=CC=C1)/C=N/NC(=O)CN2CCN(CC2)CC3=CC=CC=C3)O"
135421339,"MLSAQOINCGAULQ-QFMPWRQOSA-N","CN(C)CCOC1=CC=C(C=C1)C2=NC(=C(N2)C3=CC=NC=C3)C4=CC5=C(C=C4)C(=NO)CC5","CN(C)CCOC1=CC=C(C=C1)C2=NC(=C(N2)C3=CC=NC=C3)C4=CC5=C(C=C4)/C(=N/O)/CC5"
135440466,"ZWVZORIKUNOTCS-OAQYLSRUSA-N","CC1=CC(=CC2=C1N=C(N2)C3=C(C=CNC3=O)NCC(C4=CC(=CC=C4)Cl)O)N5CCOCC5","CC1=CC(=CC2=C1N=C(N2)C3=C(C=CNC3=O)NC[C@H](C4=CC(=CC=C4)Cl)O)N5CCOCC5"
135465539,"DYVFBWXIOCLHPP-UHFFFAOYSA-N","C1CC1COC2=CC=CC(=C2C3=NC(=C(C(=C3)C4CCNCC4)C#N)N)O","C1CC1COC2=CC=CC(=C2C3=NC(=C(C(=C3)C4CCNCC4)C#N)N)O"
135539077,"NDAZATDQFDPQBD-UHFFFAOYSA-N","CCNC(=O)C1=NOC(=C1C2=CC=C(C=C2)CN3CCOCC3)C4=CC(=C(C=C4O)O)C(C)C","CCNC(=O)C1=NOC(=C1C2=CC=C(C=C2)CN3CCOCC3)C4=CC(=C(C=C4O)O)C(C)C"
135564749,"NETXMUIMUZJUTB-UHFFFAOYSA-N","CC1=CC(=CC(=C1OCCO)C)C2=NC3=C(C(=CC(=C3)OC)OC)C(=O)N2","CC1=CC(=CC(=C1OCCO)C)C2=NC3=C(C(=CC(=C3)OC)OC)C(=O)N2"
135565082,"HWGQMRYQVZSGDQ-HZPDHXFCSA-N","CN1C(=NC=N1)C2C(NC3=CC(=CC4=C3C2=NNC4=O)F)C5=CC=C(C=C5)F","CN1C(=NC=N1)[C@@H]2[C@H](NC3=CC(=CC4=C3C2=NNC4=O)F)C5=CC=C(C=C5)F"
135659062,"ZGXOBLVQIVXKEB-UHFFFAOYSA-N","CN(C)CC1=CC(=CC=C1)N=C(C2=CC=CC=C2)C3=C(NC4=C3C=CC(=C4)C(=O)N(C)C)O","CN(C)CC1=CC(=CC=C1)N=C(C2=CC=CC=C2)C3=C(NC4=C3C=CC(=C4)C(=O)N(C)C)O"
135905416,"WCPTUQOMNJBIET-CALCHBBNSA-N","CC1CN(CC(N1)C)C2=NC=C(C(=C2)C)C3=CC=C(C=C3)C4=NC5=C(C=CN5C)C(=O)N4","C[C@@H]1CN(C[C@@H](N1)C)C2=NC=C(C(=C2)C)C3=CC=C(C=C3)C4=NC5=C(C=CN5C)C(=O)N4"
